;org.apache.commons.fileupload.FileUploadTestCase#FileUploadTestCase();org.apache.commons.fileupload.FileUploadTestCase#parseUpload(byte[]);org.apache.commons.fileupload.FileUploadTestCase#parseUpload(byte[],java.lang.String);org.apache.commons.fileupload.FileUploadTestCase#parseUpload(java.lang.String);org.apache.commons.fileupload.MockHttpServletRequest#MockHttpServletRequest(byte[],java.lang.String);org.apache.commons.fileupload.MockHttpServletRequest#MockHttpServletRequest(java.io.InputStream,long,java.lang.String);org.apache.commons.fileupload.MockHttpServletRequest#getAuthType();org.apache.commons.fileupload.MockHttpServletRequest#getCookies();org.apache.commons.fileupload.MockHttpServletRequest#getDateHeader(java.lang.String);org.apache.commons.fileupload.MockHttpServletRequest#getHeader(java.lang.String);org.apache.commons.fileupload.MockHttpServletRequest#getHeaders(java.lang.String);org.apache.commons.fileupload.MockHttpServletRequest#getHeaderNames();org.apache.commons.fileupload.MockHttpServletRequest#getIntHeader(java.lang.String);org.apache.commons.fileupload.MockHttpServletRequest#getMethod();org.apache.commons.fileupload.MockHttpServletRequest#getPathInfo();org.apache.commons.fileupload.MockHttpServletRequest#getPathTranslated();org.apache.commons.fileupload.MockHttpServletRequest#getContextPath();org.apache.commons.fileupload.MockHttpServletRequest#getQueryString();org.apache.commons.fileupload.MockHttpServletRequest#getRemoteUser();org.apache.commons.fileupload.MockHttpServletRequest#isUserInRole(java.lang.String);org.apache.commons.fileupload.MockHttpServletRequest#getUserPrincipal();org.apache.commons.fileupload.MockHttpServletRequest#getRequestedSessionId();org.apache.commons.fileupload.MockHttpServletRequest#getRequestURI();org.apache.commons.fileupload.MockHttpServletRequest#getRequestURL();org.apache.commons.fileupload.MockHttpServletRequest#getServletPath();org.apache.commons.fileupload.MockHttpServletRequest#getSession(boolean);org.apache.commons.fileupload.MockHttpServletRequest#getSession();org.apache.commons.fileupload.MockHttpServletRequest#isRequestedSessionIdValid();org.apache.commons.fileupload.MockHttpServletRequest#isRequestedSessionIdFromCookie();org.apache.commons.fileupload.MockHttpServletRequest#isRequestedSessionIdFromURL();org.apache.commons.fileupload.MockHttpServletRequest#isRequestedSessionIdFromUrl();org.apache.commons.fileupload.MockHttpServletRequest#getAttribute(java.lang.String);org.apache.commons.fileupload.MockHttpServletRequest#getAttributeNames();org.apache.commons.fileupload.MockHttpServletRequest#getCharacterEncoding();org.apache.commons.fileupload.MockHttpServletRequest#setCharacterEncoding(java.lang.String);org.apache.commons.fileupload.MockHttpServletRequest#getContentLength();org.apache.commons.fileupload.MockHttpServletRequest#setContentLength(long);org.apache.commons.fileupload.MockHttpServletRequest#getContentType();org.apache.commons.fileupload.MockHttpServletRequest#getInputStream();org.apache.commons.fileupload.MockHttpServletRequest#setReadLimit(int);org.apache.commons.fileupload.MockHttpServletRequest#getParameter(java.lang.String);org.apache.commons.fileupload.MockHttpServletRequest#getParameterNames();org.apache.commons.fileupload.MockHttpServletRequest#getParameterValues(java.lang.String);org.apache.commons.fileupload.MockHttpServletRequest#getParameterMap();org.apache.commons.fileupload.MockHttpServletRequest#getProtocol();org.apache.commons.fileupload.MockHttpServletRequest#getScheme();org.apache.commons.fileupload.MockHttpServletRequest#getServerName();org.apache.commons.fileupload.MockHttpServletRequest#getLocalName();org.apache.commons.fileupload.MockHttpServletRequest#getServerPort();org.apache.commons.fileupload.MockHttpServletRequest#getLocalPort();org.apache.commons.fileupload.MockHttpServletRequest#getRemotePort();org.apache.commons.fileupload.MockHttpServletRequest#getReader();org.apache.commons.fileupload.MockHttpServletRequest#getRemoteAddr();org.apache.commons.fileupload.MockHttpServletRequest#getLocalAddr();org.apache.commons.fileupload.MockHttpServletRequest#getRemoteHost();org.apache.commons.fileupload.MockHttpServletRequest#setAttribute(java.lang.String,java.lang.Object);org.apache.commons.fileupload.MockHttpServletRequest#removeAttribute(java.lang.String);org.apache.commons.fileupload.MockHttpServletRequest#getLocale();org.apache.commons.fileupload.MockHttpServletRequest#getLocales();org.apache.commons.fileupload.MockHttpServletRequest#isSecure();org.apache.commons.fileupload.MockHttpServletRequest#getRequestDispatcher(java.lang.String);org.apache.commons.fileupload.MockHttpServletRequest#getRealPath(java.lang.String);org.apache.commons.fileupload.ProgressListenerTest$1#ProgressListenerTest$1(org.apache.commons.fileupload.ProgressListenerTest,byte[],java.lang.String);org.apache.commons.fileupload.ProgressListenerTest$1#getContentLength();org.apache.commons.fileupload.FileUploadException#FileUploadException();org.apache.commons.fileupload.FileUploadException#FileUploadException(java.lang.String);org.apache.commons.fileupload.FileUploadException#FileUploadException(java.lang.String,java.lang.Throwable);org.apache.commons.fileupload.FileUploadException#printStackTrace(java.io.PrintStream);org.apache.commons.fileupload.FileUploadException#printStackTrace(java.io.PrintWriter);org.apache.commons.fileupload.FileUploadException#getCause();org.apache.commons.fileupload.FileUploadBase$InvalidContentTypeException#FileUploadBase$InvalidContentTypeException();org.apache.commons.fileupload.FileUploadBase$InvalidContentTypeException#FileUploadBase$InvalidContentTypeException(java.lang.String);org.apache.commons.fileupload.FileUploadBase$InvalidContentTypeException#FileUploadBase$InvalidContentTypeException(java.lang.String,java.lang.Throwable);org.apache.commons.fileupload.FileUploadBase#FileUploadBase();org.apache.commons.fileupload.FileUploadBase#isMultipartContent(org.apache.commons.fileupload.RequestContext);org.apache.commons.fileupload.FileUploadBase#isMultipartContent(javax.servlet.http.HttpServletRequest);org.apache.commons.fileupload.FileUploadBase#getSizeMax();org.apache.commons.fileupload.FileUploadBase#setSizeMax(long);org.apache.commons.fileupload.FileUploadBase#getFileSizeMax();org.apache.commons.fileupload.FileUploadBase#setFileSizeMax(long);org.apache.commons.fileupload.FileUploadBase#getHeaderEncoding();org.apache.commons.fileupload.FileUploadBase#setHeaderEncoding(java.lang.String);org.apache.commons.fileupload.FileUploadBase#parseRequest(javax.servlet.http.HttpServletRequest);org.apache.commons.fileupload.FileUploadBase#getItemIterator(org.apache.commons.fileupload.RequestContext);org.apache.commons.fileupload.FileUploadBase#parseRequest(org.apache.commons.fileupload.RequestContext);org.apache.commons.fileupload.FileUploadBase#parseParameterMap(org.apache.commons.fileupload.RequestContext);org.apache.commons.fileupload.FileUploadBase#getBoundary(java.lang.String);org.apache.commons.fileupload.FileUploadBase#getFileName(java.util.Map);org.apache.commons.fileupload.FileUploadBase#getFileName(org.apache.commons.fileupload.FileItemHeaders);org.apache.commons.fileupload.FileUploadBase#getFileName(java.lang.String);org.apache.commons.fileupload.FileUploadBase#getFieldName(org.apache.commons.fileupload.FileItemHeaders);org.apache.commons.fileupload.FileUploadBase#getFieldName(java.lang.String);org.apache.commons.fileupload.FileUploadBase#getFieldName(java.util.Map);org.apache.commons.fileupload.FileUploadBase#createItem(java.util.Map,boolean);org.apache.commons.fileupload.FileUploadBase#getParsedHeaders(java.lang.String);org.apache.commons.fileupload.FileUploadBase#newFileItemHeaders();org.apache.commons.fileupload.FileUploadBase#parseHeaders(java.lang.String);org.apache.commons.fileupload.FileUploadBase#parseEndOfLine(java.lang.String,int);org.apache.commons.fileupload.FileUploadBase#parseHeaderLine(org.apache.commons.fileupload.util.FileItemHeadersImpl,java.lang.String);org.apache.commons.fileupload.FileUploadBase#getHeader(java.util.Map,java.lang.String);org.apache.commons.fileupload.FileUploadBase#getProgressListener();org.apache.commons.fileupload.FileUploadBase#setProgressListener(org.apache.commons.fileupload.ProgressListener);org.apache.commons.fileupload.FileUploadBase#access$200(org.apache.commons.fileupload.FileUploadBase);org.apache.commons.fileupload.FileUploadBase#access$400(org.apache.commons.fileupload.FileUploadBase);org.apache.commons.fileupload.FileUploadBase#access$500(org.apache.commons.fileupload.FileUploadBase);org.apache.commons.fileupload.FileUploadBase#access$600(org.apache.commons.fileupload.FileUploadBase);org.apache.commons.fileupload.DiskFileUpload#DiskFileUpload();org.apache.commons.fileupload.DiskFileUpload#DiskFileUpload(org.apache.commons.fileupload.DefaultFileItemFactory);org.apache.commons.fileupload.DiskFileUpload#getFileItemFactory();org.apache.commons.fileupload.DiskFileUpload#setFileItemFactory(org.apache.commons.fileupload.FileItemFactory);org.apache.commons.fileupload.DiskFileUpload#getSizeThreshold();org.apache.commons.fileupload.DiskFileUpload#setSizeThreshold(int);org.apache.commons.fileupload.DiskFileUpload#getRepositoryPath();org.apache.commons.fileupload.DiskFileUpload#setRepositoryPath(java.lang.String);org.apache.commons.fileupload.DiskFileUpload#parseRequest(javax.servlet.http.HttpServletRequest,int,long,java.lang.String);org.apache.commons.fileupload.FileUploadBase$FileUploadIOException#FileUploadBase$FileUploadIOException(org.apache.commons.fileupload.FileUploadException);org.apache.commons.fileupload.FileUploadBase$FileUploadIOException#getCause();org.apache.commons.fileupload.FileUploadBase$SizeException#FileUploadBase$SizeException(java.lang.String,long,long);org.apache.commons.fileupload.FileUploadBase$SizeException#getActualSize();org.apache.commons.fileupload.FileUploadBase$SizeException#getPermittedSize();org.apache.commons.fileupload.FileUploadBase$SizeLimitExceededException#FileUploadBase$SizeLimitExceededException();org.apache.commons.fileupload.FileUploadBase$SizeLimitExceededException#FileUploadBase$SizeLimitExceededException(java.lang.String);org.apache.commons.fileupload.FileUploadBase$SizeLimitExceededException#FileUploadBase$SizeLimitExceededException(java.lang.String,long,long);org.apache.commons.fileupload.FileUploadBase$SizeLimitExceededException#getPermittedSize();org.apache.commons.fileupload.FileUploadBase$SizeLimitExceededException#getActualSize();org.apache.commons.fileupload.FileUploadBase$FileSizeLimitExceededException#FileUploadBase$FileSizeLimitExceededException(java.lang.String,long,long);org.apache.commons.fileupload.FileUploadBase$FileSizeLimitExceededException#getFileName();org.apache.commons.fileupload.FileUploadBase$FileSizeLimitExceededException#setFileName(java.lang.String);org.apache.commons.fileupload.FileUploadBase$FileSizeLimitExceededException#getFieldName();org.apache.commons.fileupload.FileUploadBase$FileSizeLimitExceededException#setFieldName(java.lang.String);org.apache.commons.fileupload.FileUploadBase$FileSizeLimitExceededException#getPermittedSize();org.apache.commons.fileupload.FileUploadBase$FileSizeLimitExceededException#getActualSize();org.apache.commons.fileupload.DefaultFileItemFactory#DefaultFileItemFactory();org.apache.commons.fileupload.DefaultFileItemFactory#DefaultFileItemFactory(int,java.io.File);org.apache.commons.fileupload.DefaultFileItemFactory#createItem(java.lang.String,java.lang.String,boolean,java.lang.String);org.apache.commons.fileupload.disk.DiskFileItemFactory#DiskFileItemFactory();org.apache.commons.fileupload.disk.DiskFileItemFactory#DiskFileItemFactory(int,java.io.File);org.apache.commons.fileupload.disk.DiskFileItemFactory#getRepository();org.apache.commons.fileupload.disk.DiskFileItemFactory#setRepository(java.io.File);org.apache.commons.fileupload.disk.DiskFileItemFactory#getSizeThreshold();org.apache.commons.fileupload.disk.DiskFileItemFactory#setSizeThreshold(int);org.apache.commons.fileupload.disk.DiskFileItemFactory#createItem(java.lang.String,java.lang.String,boolean,java.lang.String);org.apache.commons.fileupload.disk.DiskFileItemFactory#getFileCleaningTracker();org.apache.commons.fileupload.disk.DiskFileItemFactory#setFileCleaningTracker(org.apache.commons.io.FileCleaningTracker);org.apache.commons.fileupload.DefaultFileItem#DefaultFileItem(java.lang.String,java.lang.String,boolean,java.lang.String,int,java.io.File);org.apache.commons.fileupload.disk.DiskFileItem#DiskFileItem(java.lang.String,java.lang.String,boolean,java.lang.String,int,java.io.File);org.apache.commons.fileupload.disk.DiskFileItem#getInputStream();org.apache.commons.fileupload.disk.DiskFileItem#getContentType();org.apache.commons.fileupload.disk.DiskFileItem#getCharSet();org.apache.commons.fileupload.disk.DiskFileItem#getName();org.apache.commons.fileupload.disk.DiskFileItem#isInMemory();org.apache.commons.fileupload.disk.DiskFileItem#getSize();org.apache.commons.fileupload.disk.DiskFileItem#get();org.apache.commons.fileupload.disk.DiskFileItem#getString(java.lang.String);org.apache.commons.fileupload.disk.DiskFileItem#getString();org.apache.commons.fileupload.disk.DiskFileItem#write(java.io.File);org.apache.commons.fileupload.disk.DiskFileItem#delete();org.apache.commons.fileupload.disk.DiskFileItem#getFieldName();org.apache.commons.fileupload.disk.DiskFileItem#setFieldName(java.lang.String);org.apache.commons.fileupload.disk.DiskFileItem#isFormField();org.apache.commons.fileupload.disk.DiskFileItem#setFormField(boolean);org.apache.commons.fileupload.disk.DiskFileItem#getOutputStream();org.apache.commons.fileupload.disk.DiskFileItem#getStoreLocation();org.apache.commons.fileupload.disk.DiskFileItem#finalize();org.apache.commons.fileupload.disk.DiskFileItem#getTempFile();org.apache.commons.fileupload.disk.DiskFileItem#getUniqueId();org.apache.commons.fileupload.disk.DiskFileItem#toString();org.apache.commons.fileupload.disk.DiskFileItem#getHeaders();org.apache.commons.fileupload.disk.DiskFileItem#setHeaders(org.apache.commons.fileupload.FileItemHeaders);org.apache.commons.fileupload.util.Streams#Streams();org.apache.commons.fileupload.util.Streams#copy(java.io.InputStream,java.io.OutputStream,boolean);org.apache.commons.fileupload.util.Streams#copy(java.io.InputStream,java.io.OutputStream,boolean,byte[]);org.apache.commons.fileupload.util.Streams#asString(java.io.InputStream);org.apache.commons.fileupload.util.Streams#asString(java.io.InputStream,java.lang.String);org.apache.commons.fileupload.util.Streams#checkFileName(java.lang.String);org.apache.commons.fileupload.InvalidFileNameException#InvalidFileNameException(java.lang.String,java.lang.String);org.apache.commons.fileupload.InvalidFileNameException#getName();org.apache.commons.fileupload.ParameterParser#ParameterParser();org.apache.commons.fileupload.ParameterParser#hasChar();org.apache.commons.fileupload.ParameterParser#getToken(boolean);org.apache.commons.fileupload.ParameterParser#isOneOf(char,char[]);org.apache.commons.fileupload.ParameterParser#parseToken(char[]);org.apache.commons.fileupload.ParameterParser#parseQuotedToken(char[]);org.apache.commons.fileupload.ParameterParser#isLowerCaseNames();org.apache.commons.fileupload.ParameterParser#setLowerCaseNames(boolean);org.apache.commons.fileupload.ParameterParser#parse(java.lang.String,char[]);org.apache.commons.fileupload.ParameterParser#parse(java.lang.String,char);org.apache.commons.fileupload.ParameterParser#parse(char[],char);org.apache.commons.fileupload.ParameterParser#parse(char[],int,int,char);org.apache.commons.fileupload.util.FileItemHeadersImpl#FileItemHeadersImpl();org.apache.commons.fileupload.util.FileItemHeadersImpl#getHeader(java.lang.String);org.apache.commons.fileupload.util.FileItemHeadersImpl#getHeaderNames();org.apache.commons.fileupload.util.FileItemHeadersImpl#getHeaders(java.lang.String);org.apache.commons.fileupload.util.FileItemHeadersImpl#addHeader(java.lang.String,java.lang.String);org.apache.commons.fileupload.MultipartStream#MultipartStream();org.apache.commons.fileupload.MultipartStream#MultipartStream(java.io.InputStream,byte[],int);org.apache.commons.fileupload.MultipartStream#MultipartStream(java.io.InputStream,byte[],int,org.apache.commons.fileupload.MultipartStream$ProgressNotifier);org.apache.commons.fileupload.MultipartStream#MultipartStream(java.io.InputStream,byte[],org.apache.commons.fileupload.MultipartStream$ProgressNotifier);org.apache.commons.fileupload.MultipartStream#MultipartStream(java.io.InputStream,byte[]);org.apache.commons.fileupload.MultipartStream#getHeaderEncoding();org.apache.commons.fileupload.MultipartStream#setHeaderEncoding(java.lang.String);org.apache.commons.fileupload.MultipartStream#readByte();org.apache.commons.fileupload.MultipartStream#readBoundary();org.apache.commons.fileupload.MultipartStream#setBoundary(byte[]);org.apache.commons.fileupload.MultipartStream#readHeaders();org.apache.commons.fileupload.MultipartStream#readBodyData(java.io.OutputStream);org.apache.commons.fileupload.MultipartStream#newInputStream();org.apache.commons.fileupload.MultipartStream#discardBodyData();org.apache.commons.fileupload.MultipartStream#skipPreamble();org.apache.commons.fileupload.MultipartStream#arrayequals(byte[],byte[],int);org.apache.commons.fileupload.MultipartStream#findByte(byte,int);org.apache.commons.fileupload.MultipartStream#findSeparator();org.apache.commons.fileupload.MultipartStream#access$000(org.apache.commons.fileupload.MultipartStream);org.apache.commons.fileupload.MultipartStream#access$100(org.apache.commons.fileupload.MultipartStream);org.apache.commons.fileupload.MultipartStream#access$200(org.apache.commons.fileupload.MultipartStream);org.apache.commons.fileupload.MultipartStream#access$300(org.apache.commons.fileupload.MultipartStream);org.apache.commons.fileupload.MultipartStream#access$108(org.apache.commons.fileupload.MultipartStream);org.apache.commons.fileupload.MultipartStream#access$102(org.apache.commons.fileupload.MultipartStream,int);org.apache.commons.fileupload.MultipartStream#access$400(org.apache.commons.fileupload.MultipartStream);org.apache.commons.fileupload.MultipartStream#access$002(org.apache.commons.fileupload.MultipartStream,int);org.apache.commons.fileupload.MultipartStream#access$500(org.apache.commons.fileupload.MultipartStream);org.apache.commons.fileupload.MultipartStream#access$600(org.apache.commons.fileupload.MultipartStream);org.apache.commons.fileupload.MultipartStream$MalformedStreamException#MultipartStream$MalformedStreamException();org.apache.commons.fileupload.MultipartStream$MalformedStreamException#MultipartStream$MalformedStreamException(java.lang.String);org.apache.commons.fileupload.MultipartStream$ItemInputStream#MultipartStream$ItemInputStream(org.apache.commons.fileupload.MultipartStream);org.apache.commons.fileupload.MultipartStream$ItemInputStream#findSeparator();org.apache.commons.fileupload.MultipartStream$ItemInputStream#getBytesRead();org.apache.commons.fileupload.MultipartStream$ItemInputStream#available();org.apache.commons.fileupload.MultipartStream$ItemInputStream#read();org.apache.commons.fileupload.MultipartStream$ItemInputStream#read(byte[],int,int);org.apache.commons.fileupload.MultipartStream$ItemInputStream#close();org.apache.commons.fileupload.MultipartStream$ItemInputStream#close(boolean);org.apache.commons.fileupload.MultipartStream$ItemInputStream#skip(long);org.apache.commons.fileupload.MultipartStream$ItemInputStream#makeAvailable();org.apache.commons.fileupload.MultipartStream$ItemInputStream#isClosed();org.apache.commons.fileupload.MultipartStream$IllegalBoundaryException#MultipartStream$IllegalBoundaryException();org.apache.commons.fileupload.MultipartStream$IllegalBoundaryException#MultipartStream$IllegalBoundaryException(java.lang.String);org.apache.commons.fileupload.MultipartStream$ProgressNotifier#MultipartStream$ProgressNotifier(org.apache.commons.fileupload.ProgressListener,long);org.apache.commons.fileupload.MultipartStream$ProgressNotifier#noteBytesRead(int);org.apache.commons.fileupload.MultipartStream$ProgressNotifier#noteItem();org.apache.commons.fileupload.MultipartStream$ProgressNotifier#notifyListener();org.apache.commons.fileupload.util.mime.MimeUtility#MimeUtility();org.apache.commons.fileupload.util.mime.MimeUtility#decodeText(java.lang.String);org.apache.commons.fileupload.util.mime.MimeUtility#decodeWord(java.lang.String);org.apache.commons.fileupload.util.mime.MimeUtility#javaCharset(java.lang.String);org.apache.commons.fileupload.util.mime.ParseException#ParseException(java.lang.String);org.apache.commons.fileupload.util.mime.Base64Decoder#Base64Decoder();org.apache.commons.fileupload.util.mime.Base64Decoder#decode(byte[],java.io.OutputStream);org.apache.commons.fileupload.MockHttpServletRequest$MyServletInputStream#MockHttpServletRequest$MyServletInputStream(java.io.InputStream,int);org.apache.commons.fileupload.MockHttpServletRequest$MyServletInputStream#read();org.apache.commons.fileupload.MockHttpServletRequest$MyServletInputStream#read(byte[],int,int);org.apache.commons.fileupload.servlet.ServletFileUpload#ServletFileUpload();org.apache.commons.fileupload.servlet.ServletFileUpload#ServletFileUpload(org.apache.commons.fileupload.FileItemFactory);org.apache.commons.fileupload.servlet.ServletFileUpload#isMultipartContent(javax.servlet.http.HttpServletRequest);org.apache.commons.fileupload.servlet.ServletFileUpload#parseRequest(javax.servlet.http.HttpServletRequest);org.apache.commons.fileupload.servlet.ServletFileUpload#parseParameterMap(javax.servlet.http.HttpServletRequest);org.apache.commons.fileupload.servlet.ServletFileUpload#getItemIterator(javax.servlet.http.HttpServletRequest);org.apache.commons.fileupload.FileUpload#FileUpload();org.apache.commons.fileupload.FileUpload#FileUpload(org.apache.commons.fileupload.FileItemFactory);org.apache.commons.fileupload.FileUpload#getFileItemFactory();org.apache.commons.fileupload.FileUpload#setFileItemFactory(org.apache.commons.fileupload.FileItemFactory);org.apache.commons.fileupload.FileUploadBase$IOFileUploadException#FileUploadBase$IOFileUploadException(java.lang.String,java.io.IOException);org.apache.commons.fileupload.FileUploadBase$IOFileUploadException#getCause();org.apache.commons.fileupload.ProgressListenerTest$ProgressListenerImpl#ProgressListenerTest$ProgressListenerImpl(org.apache.commons.fileupload.ProgressListenerTest,long,int);org.apache.commons.fileupload.ProgressListenerTest$ProgressListenerImpl#update(long,long,int);org.apache.commons.fileupload.ProgressListenerTest$ProgressListenerImpl#checkFinished();org.apache.commons.fileupload.servlet.ServletRequestContext#ServletRequestContext(javax.servlet.http.HttpServletRequest);org.apache.commons.fileupload.servlet.ServletRequestContext#getCharacterEncoding();org.apache.commons.fileupload.servlet.ServletRequestContext#getContentType();org.apache.commons.fileupload.servlet.ServletRequestContext#getContentLength();org.apache.commons.fileupload.servlet.ServletRequestContext#contentLength();org.apache.commons.fileupload.servlet.ServletRequestContext#getInputStream();org.apache.commons.fileupload.servlet.ServletRequestContext#toString();org.apache.commons.fileupload.FileUploadBase$FileItemIteratorImpl#FileUploadBase$FileItemIteratorImpl(org.apache.commons.fileupload.FileUploadBase,org.apache.commons.fileupload.RequestContext);org.apache.commons.fileupload.FileUploadBase$FileItemIteratorImpl#findNextItem();org.apache.commons.fileupload.FileUploadBase$FileItemIteratorImpl#getContentLength(org.apache.commons.fileupload.FileItemHeaders);org.apache.commons.fileupload.FileUploadBase$FileItemIteratorImpl#hasNext();org.apache.commons.fileupload.FileUploadBase$FileItemIteratorImpl#next();org.apache.commons.fileupload.FileUploadBase$FileItemIteratorImpl#access$100(org.apache.commons.fileupload.FileUploadBase$FileItemIteratorImpl);org.apache.commons.fileupload.FileUploadBase$FileItemIteratorImpl$1#FileUploadBase$FileItemIteratorImpl$1(org.apache.commons.fileupload.FileUploadBase$FileItemIteratorImpl,java.io.InputStream,long,org.apache.commons.fileupload.FileUploadBase);org.apache.commons.fileupload.FileUploadBase$FileItemIteratorImpl$1#raiseError(long,long);org.apache.commons.fileupload.util.LimitedInputStream#LimitedInputStream(java.io.InputStream,long);org.apache.commons.fileupload.util.LimitedInputStream#checkLimit();org.apache.commons.fileupload.util.LimitedInputStream#read();org.apache.commons.fileupload.util.LimitedInputStream#read(byte[],int,int);org.apache.commons.fileupload.util.LimitedInputStream#isClosed();org.apache.commons.fileupload.util.LimitedInputStream#close();org.apache.commons.fileupload.FileItemStream$ItemSkippedException#FileItemStream$ItemSkippedException();org.apache.commons.fileupload.FileUploadBase$FileItemIteratorImpl$FileItemStreamImpl#FileUploadBase$FileItemIteratorImpl$FileItemStreamImpl(org.apache.commons.fileupload.FileUploadBase$FileItemIteratorImpl,java.lang.String,java.lang.String,java.lang.String,boolean,long);org.apache.commons.fileupload.FileUploadBase$FileItemIteratorImpl$FileItemStreamImpl#getContentType();org.apache.commons.fileupload.FileUploadBase$FileItemIteratorImpl$FileItemStreamImpl#getFieldName();org.apache.commons.fileupload.FileUploadBase$FileItemIteratorImpl$FileItemStreamImpl#getName();org.apache.commons.fileupload.FileUploadBase$FileItemIteratorImpl$FileItemStreamImpl#isFormField();org.apache.commons.fileupload.FileUploadBase$FileItemIteratorImpl$FileItemStreamImpl#openStream();org.apache.commons.fileupload.FileUploadBase$FileItemIteratorImpl$FileItemStreamImpl#close();org.apache.commons.fileupload.FileUploadBase$FileItemIteratorImpl$FileItemStreamImpl#getHeaders();org.apache.commons.fileupload.FileUploadBase$FileItemIteratorImpl$FileItemStreamImpl#setHeaders(org.apache.commons.fileupload.FileItemHeaders);org.apache.commons.fileupload.FileUploadBase$FileItemIteratorImpl$FileItemStreamImpl#access$000(org.apache.commons.fileupload.FileUploadBase$FileItemIteratorImpl$FileItemStreamImpl);org.apache.commons.fileupload.FileUploadBase$FileItemIteratorImpl$FileItemStreamImpl#access$300(org.apache.commons.fileupload.FileUploadBase$FileItemIteratorImpl$FileItemStreamImpl);org.apache.commons.fileupload.FileUploadBase$FileItemIteratorImpl$FileItemStreamImpl$1#FileUploadBase$FileItemIteratorImpl$FileItemStreamImpl$1(org.apache.commons.fileupload.FileUploadBase$FileItemIteratorImpl$FileItemStreamImpl,java.io.InputStream,long,org.apache.commons.fileupload.FileUploadBase$FileItemIteratorImpl,org.apache.commons.fileupload.MultipartStream$ItemInputStream);org.apache.commons.fileupload.FileUploadBase$FileItemIteratorImpl$FileItemStreamImpl$1#raiseError(long,long);org.apache.commons.fileupload.HttpServletRequestFactory#HttpServletRequestFactory();org.apache.commons.fileupload.HttpServletRequestFactory#createHttpServletRequestWithNullContentType();org.apache.commons.fileupload.HttpServletRequestFactory#createValidHttpServletRequest(java.lang.String[]);org.apache.commons.fileupload.HttpServletRequestFactory#createInvalidHttpServletRequest();org.apache.commons.fileupload.StreamingTest$2#StreamingTest$2(org.apache.commons.fileupload.StreamingTest,java.io.ByteArrayInputStream);org.apache.commons.fileupload.StreamingTest$2#read();org.apache.commons.fileupload.StreamingTest$2#read(byte[],int,int);org.apache.commons.fileupload.StreamingTest$1#StreamingTest$1(org.apache.commons.fileupload.StreamingTest,java.io.InputStream);org.apache.commons.fileupload.StreamingTest$1#read();org.apache.commons.fileupload.StreamingTest$1#read(byte[],int,int);org.apache.commons.fileupload.util.mime.QuotedPrintableDecoder#QuotedPrintableDecoder();org.apache.commons.fileupload.util.mime.QuotedPrintableDecoder#decode(byte[],java.io.OutputStream);org.apache.commons.fileupload.util.mime.QuotedPrintableDecoder#hexToBinary(byte)
org.apache.commons.fileupload.DefaultFileItemTest#testTextFieldConstruction;0;0;0;0;0;0;0;0;0;0;0;0;0;0;0;0;0;0;0;0;0;0;0;0;0;0;0;0;0;0;0;0;0;0;0;0;0;0;0;0;0;0;0;0;0;0;0;0;0;0;0;0;0;0;0;0;0;0;0;0;0;0;0;0;0;0;0;0;0;0;0;0;0;0;0;0;0;0;0;0;0;0;0;0;0;0;0;0;0;0;0;0;0;0;0;0;0;0;0;0;0;0;0;0;0;0;0;0;0;0;0;0;0;0;0;0;0;0;0;0;0;0;0;0;0;0;0;0;0;0;0;0;0;1;1;0;1;1;0;1;0;0;0;0;1;1;0;1;0;1;0;0;0;0;0;0;0;1;0;1;0;0;0;0;0;0;0;0;0;0;0;0;0;0;1;0;0;0;0;0;0;0;0;0;0;0;0;0;0;0;0;0;0;0;0;0;0;0;0;0;0;0;0;0;0;0;0;0;0;0;0;0;0;0;0;0;0;0;0;0;0;0;0;0;0;0;0;0;0;0;0;0;0;0;0;0;0;0;0;0;0;0;0;0;0;0;0;0;0;0;0;0;0;0;0;0;0;0;0;0;0;0;0;0;0;0;0;0;0;0;0;0;0;0;0;0;0;0;0;0;0;0;0;0;0;0;0;0;0;0;0;0;0;0;0;0;0;0;0;0;0;0;0;0;0;0;0;0;0;0;0;0;0;0
org.apache.commons.fileupload.DefaultFileItemTest#testAboveThresholdSpecifiedRepository;0;0;0;0;0;0;0;0;0;0;0;0;0;0;0;0;0;0;0;0;0;0;0;0;0;0;0;0;0;0;0;0;0;0;0;0;0;0;0;0;0;0;0;0;0;0;0;0;0;0;0;0;0;0;0;0;0;0;0;0;0;0;0;0;0;0;0;0;0;0;0;0;0;0;0;0;0;0;0;0;0;0;0;0;0;0;0;0;0;0;0;0;0;0;0;0;0;0;0;0;0;0;0;0;0;0;0;0;0;0;0;0;0;0;0;0;0;0;0;0;0;0;0;0;0;0;0;0;0;0;0;0;0;1;1;0;1;1;0;1;0;0;0;0;1;1;0;1;1;0;1;1;1;0;1;0;1;0;0;0;0;1;1;0;1;1;0;0;0;0;0;0;0;0;0;0;0;1;1;1;1;1;0;0;1;0;1;1;1;0;0;0;0;0;0;0;0;0;0;0;0;0;0;0;0;0;0;0;0;0;0;0;0;0;0;0;0;0;0;0;0;0;0;0;0;0;0;0;0;0;0;0;0;0;0;0;0;0;0;0;0;0;0;0;0;0;0;0;0;0;0;0;0;0;0;0;0;0;0;0;0;0;0;0;0;0;0;0;0;0;0;0;0;0;0;0;0;0;0;0;0;0;0;0;0;0;0;0;0;0;0;0;0;0;0;0;0;0;0;0;0;0;0;0;0;0;0;0;0;0;0;0;0;0
org.apache.commons.fileupload.DefaultFileItemTest#testBelowThreshold;0;0;0;0;0;0;0;0;0;0;0;0;0;0;0;0;0;0;0;0;0;0;0;0;0;0;0;0;0;0;0;0;0;0;0;0;0;0;0;0;0;0;0;0;0;0;0;0;0;0;0;0;0;0;0;0;0;0;0;0;0;0;0;0;0;0;0;0;0;0;0;0;0;0;0;0;0;0;0;0;0;0;0;0;0;0;0;0;0;0;0;0;0;0;0;0;0;0;0;0;0;0;0;0;0;0;0;0;0;0;0;0;0;0;0;0;0;0;0;0;0;0;0;0;0;0;0;0;0;0;0;0;0;1;1;0;1;1;0;1;0;0;0;0;1;1;0;1;1;0;1;1;1;0;1;0;0;0;0;0;0;1;0;0;1;1;0;0;0;0;0;0;0;0;0;0;0;1;1;1;1;1;0;0;1;0;1;1;1;0;0;0;0;0;0;0;0;0;0;0;0;0;0;0;0;0;0;0;0;0;0;0;0;0;0;0;0;0;0;0;0;0;0;0;0;0;0;0;0;0;0;0;0;0;0;0;0;0;0;0;0;0;0;0;0;0;0;0;0;0;0;0;0;0;0;0;0;0;0;0;0;0;0;0;0;0;0;0;0;0;0;0;0;0;0;0;0;0;0;0;0;0;0;0;0;0;0;0;0;0;0;0;0;0;0;0;0;0;0;0;0;0;0;0;0;0;0;0;0;0;0;0;0;0
org.apache.commons.fileupload.DefaultFileItemTest#testAboveThresholdDefaultRepository;0;0;0;0;0;0;0;0;0;0;0;0;0;0;0;0;0;0;0;0;0;0;0;0;0;0;0;0;0;0;0;0;0;0;0;0;0;0;0;0;0;0;0;0;0;0;0;0;0;0;0;0;0;0;0;0;0;0;0;0;0;0;0;0;0;0;0;0;0;0;0;0;0;0;0;0;0;0;0;0;0;0;0;0;0;0;0;0;0;0;0;0;0;0;0;0;0;0;0;0;0;0;0;0;0;0;0;0;0;0;0;0;0;0;0;0;0;0;0;0;0;0;0;0;0;0;0;0;0;0;0;0;0;1;1;0;1;1;0;1;0;0;0;0;1;1;0;1;1;0;1;1;1;0;1;0;1;0;0;0;0;1;1;0;1;1;0;0;0;0;0;0;0;0;0;0;0;1;1;1;1;1;0;0;1;0;1;1;1;0;0;0;0;0;0;0;0;0;0;0;0;0;0;0;0;0;0;0;0;0;0;0;0;0;0;0;0;0;0;0;0;0;0;0;0;0;0;0;0;0;0;0;0;0;0;0;0;0;0;0;0;0;0;0;0;0;0;0;0;0;0;0;0;0;0;0;0;0;0;0;0;0;0;0;0;0;0;0;0;0;0;0;0;0;0;0;0;0;0;0;0;0;0;0;0;0;0;0;0;0;0;0;0;0;0;0;0;0;0;0;0;0;0;0;0;0;0;0;0;0;0;0;0;0
org.apache.commons.fileupload.DefaultFileItemTest#testFileFieldConstruction;0;0;0;0;0;0;0;0;0;0;0;0;0;0;0;0;0;0;0;0;0;0;0;0;0;0;0;0;0;0;0;0;0;0;0;0;0;0;0;0;0;0;0;0;0;0;0;0;0;0;0;0;0;0;0;0;0;0;0;0;0;0;0;0;0;0;0;0;0;0;0;0;0;0;0;0;0;0;0;0;0;0;0;0;0;0;0;0;0;0;0;0;0;0;0;0;0;0;0;0;0;0;0;0;0;0;0;0;0;0;0;0;0;0;0;0;0;0;0;0;0;0;0;0;0;0;0;0;0;0;0;0;0;1;1;0;1;1;0;1;0;0;0;0;1;1;0;1;0;1;0;0;0;0;0;0;0;1;0;1;0;0;0;0;0;0;0;0;0;0;0;0;0;0;1;0;0;0;0;0;0;0;0;0;0;0;0;0;0;0;0;0;0;0;0;0;0;0;0;0;0;0;0;0;0;0;0;0;0;0;0;0;0;0;0;0;0;0;0;0;0;0;0;0;0;0;0;0;0;0;0;0;0;0;0;0;0;0;0;0;0;0;0;0;0;0;0;0;0;0;0;0;0;0;0;0;0;0;0;0;0;0;0;0;0;0;0;0;0;0;0;0;0;0;0;0;0;0;0;0;0;0;0;0;0;0;0;0;0;0;0;0;0;0;0;0;0;0;0;0;0;0;0;0;0;0;0;0;0;0;0;0;0;0
org.apache.commons.fileupload.DiskFileItemSerializeTest#testInvalidRepositoryWithNullChar;0;0;0;0;0;0;0;0;0;0;0;0;0;0;0;0;0;0;0;0;0;0;0;0;0;0;0;0;0;0;0;0;0;0;0;0;0;0;0;0;0;0;0;0;0;0;0;0;0;0;0;0;0;0;0;0;0;0;0;0;0;0;0;0;0;0;0;0;0;0;0;0;0;0;0;0;0;0;0;0;0;0;0;0;0;0;0;0;0;0;0;0;0;0;0;0;0;0;0;0;0;0;0;0;0;0;0;0;0;0;0;0;0;0;0;0;0;0;0;0;0;0;0;0;0;0;0;0;0;0;0;0;0;0;0;0;1;0;0;0;0;1;1;0;0;1;0;0;0;0;0;0;0;0;0;0;0;0;0;0;0;1;0;0;1;1;0;0;0;0;0;0;0;0;0;0;0;0;0;0;0;0;0;0;0;0;0;0;0;0;0;0;0;0;0;0;0;0;0;0;0;0;0;0;0;0;0;0;0;0;0;0;0;0;0;0;0;0;0;0;0;0;0;0;0;0;0;0;0;0;0;0;0;0;0;0;0;0;0;0;0;0;0;0;0;0;0;0;0;0;0;0;0;0;0;0;0;0;0;0;0;0;0;0;0;0;0;0;0;0;0;0;0;0;0;0;0;0;0;0;0;0;0;0;0;0;0;0;0;0;0;0;0;0;0;0;0;0;0;0;0;0;0;0;0;0;0;0;0;0;0;0;0;0
org.apache.commons.fileupload.DiskFileItemSerializeTest#testBelowThreshold;0;0;0;0;0;0;0;0;0;0;0;0;0;0;0;0;0;0;0;0;0;0;0;0;0;0;0;0;0;0;0;0;0;0;0;0;0;0;0;0;0;0;0;0;0;0;0;0;0;0;0;0;0;0;0;0;0;0;0;0;0;0;0;0;0;0;0;0;0;0;0;0;0;0;0;0;0;0;0;0;0;0;0;0;0;0;0;0;0;0;0;0;0;0;0;0;0;0;0;0;0;0;0;0;0;0;0;0;0;0;0;0;0;0;0;0;0;0;0;0;0;0;0;0;0;0;0;0;0;0;0;0;0;0;0;0;1;0;0;0;0;1;1;0;0;1;0;0;0;0;1;1;1;0;0;0;1;0;0;0;0;1;1;0;1;1;0;0;0;0;0;0;0;0;0;0;0;0;0;0;0;0;0;0;0;0;0;0;0;0;0;0;0;0;0;0;0;0;0;0;0;0;0;0;0;0;0;0;0;0;0;0;0;0;0;0;0;0;0;0;0;0;0;0;0;0;0;0;0;0;0;0;0;0;0;0;0;0;0;0;0;0;0;0;0;0;0;0;0;0;0;0;0;0;0;0;0;0;0;0;0;0;0;0;0;0;0;0;0;0;0;0;0;0;0;0;0;0;0;0;0;0;0;0;0;0;0;0;0;0;0;0;0;0;0;0;0;0;0;0;0;0;0;0;0;0;0;0;0;0;0;0;0;0
org.apache.commons.fileupload.DiskFileItemSerializeTest#testThreshold;0;0;0;0;0;0;0;0;0;0;0;0;0;0;0;0;0;0;0;0;0;0;0;0;0;0;0;0;0;0;0;0;0;0;0;0;0;0;0;0;0;0;0;0;0;0;0;0;0;0;0;0;0;0;0;0;0;0;0;0;0;0;0;0;0;0;0;0;0;0;0;0;0;0;0;0;0;0;0;0;0;0;0;0;0;0;0;0;0;0;0;0;0;0;0;0;0;0;0;0;0;0;0;0;0;0;0;0;0;0;0;0;0;0;0;0;0;0;0;0;0;0;0;0;0;0;0;0;0;0;0;0;0;0;0;0;1;0;0;0;0;1;1;0;0;1;0;0;0;0;1;1;1;0;0;0;1;0;0;0;0;1;1;0;1;1;0;0;0;0;0;0;0;0;0;0;0;0;0;0;0;0;0;0;0;0;0;0;0;0;0;0;0;0;0;0;0;0;0;0;0;0;0;0;0;0;0;0;0;0;0;0;0;0;0;0;0;0;0;0;0;0;0;0;0;0;0;0;0;0;0;0;0;0;0;0;0;0;0;0;0;0;0;0;0;0;0;0;0;0;0;0;0;0;0;0;0;0;0;0;0;0;0;0;0;0;0;0;0;0;0;0;0;0;0;0;0;0;0;0;0;0;0;0;0;0;0;0;0;0;0;0;0;0;0;0;0;0;0;0;0;0;0;0;0;0;0;0;0;0;0;0;0;0
org.apache.commons.fileupload.DiskFileItemSerializeTest#testValidRepository;0;0;0;0;0;0;0;0;0;0;0;0;0;0;0;0;0;0;0;0;0;0;0;0;0;0;0;0;0;0;0;0;0;0;0;0;0;0;0;0;0;0;0;0;0;0;0;0;0;0;0;0;0;0;0;0;0;0;0;0;0;0;0;0;0;0;0;0;0;0;0;0;0;0;0;0;0;0;0;0;0;0;0;0;0;0;0;0;0;0;0;0;0;0;0;0;0;0;0;0;0;0;0;0;0;0;0;0;0;0;0;0;0;0;0;0;0;0;0;0;0;0;0;0;0;0;0;0;0;0;0;0;0;0;0;0;1;0;0;0;0;1;1;0;0;1;0;0;0;0;1;1;1;0;0;0;1;0;0;0;0;1;1;0;1;1;0;0;0;0;0;0;0;0;0;0;0;0;0;0;0;0;0;0;0;0;0;0;0;0;0;0;0;0;0;0;0;0;0;0;0;0;0;0;0;0;0;0;0;0;0;0;0;0;0;0;0;0;0;0;0;0;0;0;0;0;0;0;0;0;0;0;0;0;0;0;0;0;0;0;0;0;0;0;0;0;0;0;0;0;0;0;0;0;0;0;0;0;0;0;0;0;0;0;0;0;0;0;0;0;0;0;0;0;0;0;0;0;0;0;0;0;0;0;0;0;0;0;0;0;0;0;0;0;0;0;0;0;0;0;0;0;0;0;0;0;0;0;0;0;0;0;0;0
org.apache.commons.fileupload.DiskFileItemSerializeTest#testAboveThreshold;0;0;0;0;0;0;0;0;0;0;0;0;0;0;0;0;0;0;0;0;0;0;0;0;0;0;0;0;0;0;0;0;0;0;0;0;0;0;0;0;0;0;0;0;0;0;0;0;0;0;0;0;0;0;0;0;0;0;0;0;0;0;0;0;0;0;0;0;0;0;0;0;0;0;0;0;0;0;0;0;0;0;0;0;0;0;0;0;0;0;0;0;0;0;0;0;0;0;0;0;0;0;0;0;0;0;0;0;0;0;0;0;0;0;0;0;0;0;0;0;0;0;0;0;0;0;0;0;0;0;0;0;0;0;0;0;1;0;0;0;0;1;1;0;0;1;0;0;0;0;1;1;1;0;0;0;1;0;0;0;0;1;1;0;1;1;0;0;0;0;0;0;0;0;0;0;0;0;0;0;0;0;0;0;0;0;0;0;0;0;0;0;0;0;0;0;0;0;0;0;0;0;0;0;0;0;0;0;0;0;0;0;0;0;0;0;0;0;0;0;0;0;0;0;0;0;0;0;0;0;0;0;0;0;0;0;0;0;0;0;0;0;0;0;0;0;0;0;0;0;0;0;0;0;0;0;0;0;0;0;0;0;0;0;0;0;0;0;0;0;0;0;0;0;0;0;0;0;0;0;0;0;0;0;0;0;0;0;0;0;0;0;0;0;0;0;0;0;0;0;0;0;0;0;0;0;0;0;0;0;0;0;0;0
org.apache.commons.fileupload.DiskFileItemSerializeTest#testInvalidRepository;0;0;0;0;0;0;0;0;0;0;0;0;0;0;0;0;0;0;0;0;0;0;0;0;0;0;0;0;0;0;0;0;0;0;0;0;0;0;0;0;0;0;0;0;0;0;0;0;0;0;0;0;0;0;0;0;0;0;0;0;0;0;0;0;0;0;0;0;0;0;0;0;0;0;0;0;0;0;0;0;0;0;0;0;0;0;0;0;0;0;0;0;0;0;0;0;0;0;0;0;0;0;0;0;0;0;0;0;0;0;0;0;0;0;0;0;0;0;0;0;0;0;0;0;0;0;0;0;0;0;0;0;0;0;0;0;1;0;0;0;0;1;1;0;0;1;0;0;0;0;0;0;0;0;0;0;0;0;0;0;0;1;0;0;1;1;0;0;0;0;0;0;0;0;0;0;0;0;0;0;0;0;0;0;0;0;0;0;0;0;0;0;0;0;0;0;0;0;0;0;0;0;0;0;0;0;0;0;0;0;0;0;0;0;0;0;0;0;0;0;0;0;0;0;0;0;0;0;0;0;0;0;0;0;0;0;0;0;0;0;0;0;0;0;0;0;0;0;0;0;0;0;0;0;0;0;0;0;0;0;0;0;0;0;0;0;0;0;0;0;0;0;0;0;0;0;0;0;0;0;0;0;0;0;0;0;0;0;0;0;0;0;0;0;0;0;0;0;0;0;0;0;0;0;0;0;0;0;0;0;0;0;0;0
org.apache.commons.fileupload.FileItemHeadersTest#testFileItemHeaders;0;0;0;0;0;0;0;0;0;0;0;0;0;0;0;0;0;0;0;0;0;0;0;0;0;0;0;0;0;0;0;0;0;0;0;0;0;0;0;0;0;0;0;0;0;0;0;0;0;0;0;0;0;0;0;0;0;0;0;0;0;0;0;0;0;0;0;0;0;0;0;0;0;0;0;0;0;0;0;0;0;0;0;0;0;0;0;0;0;0;0;0;0;0;0;0;0;0;0;0;0;0;0;0;0;0;0;0;0;0;0;0;0;0;0;0;0;0;0;0;0;0;0;0;0;0;0;0;0;0;0;0;0;0;0;0;0;0;0;0;0;0;0;0;0;0;0;0;0;0;0;0;0;0;0;0;0;0;0;0;0;0;0;0;0;0;0;0;0;0;0;0;0;0;0;0;0;0;0;0;0;0;0;0;0;0;0;0;0;1;1;1;1;1;0;0;0;0;0;0;0;0;0;0;0;0;0;0;0;0;0;0;0;0;0;0;0;0;0;0;0;0;0;0;0;0;0;0;0;0;0;0;0;0;0;0;0;0;0;0;0;0;0;0;0;0;0;0;0;0;0;0;0;0;0;0;0;0;0;0;0;0;0;0;0;0;0;0;0;0;0;0;0;0;0;0;0;0;0;0;0;0;0;0;0;0;0;0;0;0;0;0;0;0;0;0;0;0;0;0;0;0;0;0;0;0;0;0;0;0;0;0;0;0
org.apache.commons.fileupload.MultipartStreamTest#testSmallBuffer;0;0;0;0;0;0;0;0;0;0;0;0;0;0;0;0;0;0;0;0;0;0;0;0;0;0;0;0;0;0;0;0;0;0;0;0;0;0;0;0;0;0;0;0;0;0;0;0;0;0;0;0;0;0;0;0;0;0;0;0;0;0;0;0;0;0;0;0;0;0;0;0;0;0;0;0;0;0;0;0;0;0;0;0;0;0;0;0;0;0;0;0;0;0;0;0;0;0;0;0;0;0;0;0;0;0;0;0;0;0;0;0;0;0;0;0;0;0;0;0;0;0;0;0;0;0;0;0;0;0;0;0;0;0;0;0;0;0;0;0;0;0;0;0;0;0;0;0;0;0;0;0;0;0;0;0;0;0;0;0;0;0;0;0;0;0;0;0;0;0;0;0;0;0;0;0;0;0;0;0;0;0;0;0;0;0;0;0;0;0;0;0;0;0;0;0;1;0;0;0;0;0;0;0;0;0;0;0;0;0;0;0;0;0;0;0;0;0;0;0;0;0;0;0;0;0;0;0;0;0;0;0;0;0;0;0;0;1;0;0;0;0;0;0;0;0;0;0;0;0;0;0;0;0;0;0;0;0;0;0;0;0;0;0;0;0;0;0;0;0;0;0;0;0;0;0;0;0;0;0;0;0;0;0;0;0;0;0;0;0;0;0;0;0;0;0;0;0;0;0;0;0;0;0;0;0;0;0;0;0;0;0;0;0
org.apache.commons.fileupload.MultipartStreamTest#testThreeParamConstructor;0;0;0;0;0;0;0;0;0;0;0;0;0;0;0;0;0;0;0;0;0;0;0;0;0;0;0;0;0;0;0;0;0;0;0;0;0;0;0;0;0;0;0;0;0;0;0;0;0;0;0;0;0;0;0;0;0;0;0;0;0;0;0;0;0;0;0;0;0;0;0;0;0;0;0;0;0;0;0;0;0;0;0;0;0;0;0;0;0;0;0;0;0;0;0;0;0;0;0;0;0;0;0;0;0;0;0;0;0;0;0;0;0;0;0;0;0;0;0;0;0;0;0;0;0;0;0;0;0;0;0;0;0;0;0;0;0;0;0;0;0;0;0;0;0;0;0;0;0;0;0;0;0;0;0;0;0;0;0;0;0;0;0;0;0;0;0;0;0;0;0;0;0;0;0;0;0;0;0;0;0;0;0;0;0;0;0;0;0;0;0;0;0;0;0;0;1;0;0;0;0;0;0;0;0;0;0;0;0;0;0;0;0;0;0;0;0;0;0;0;0;0;0;0;0;0;0;0;0;0;0;0;0;0;0;0;0;1;0;0;0;0;0;0;0;0;0;0;0;0;0;0;0;0;0;0;0;0;0;0;0;0;0;0;0;0;0;0;0;0;0;0;0;0;0;0;0;0;0;0;0;0;0;0;0;0;0;0;0;0;0;0;0;0;0;0;0;0;0;0;0;0;0;0;0;0;0;0;0;0;0;0;0;0
org.apache.commons.fileupload.MultipartStreamTest#testTwoParamConstructor;0;0;0;0;0;0;0;0;0;0;0;0;0;0;0;0;0;0;0;0;0;0;0;0;0;0;0;0;0;0;0;0;0;0;0;0;0;0;0;0;0;0;0;0;0;0;0;0;0;0;0;0;0;0;0;0;0;0;0;0;0;0;0;0;0;0;0;0;0;0;0;0;0;0;0;0;0;0;0;0;0;0;0;0;0;0;0;0;0;0;0;0;0;0;0;0;0;0;0;0;0;0;0;0;0;0;0;0;0;0;0;0;0;0;0;0;0;0;0;0;0;0;0;0;0;0;0;0;0;0;0;0;0;0;0;0;0;0;0;0;0;0;0;0;0;0;0;0;0;0;0;0;0;0;0;0;0;0;0;0;0;0;0;0;0;0;0;0;0;0;0;0;0;0;0;0;0;0;0;0;0;0;0;0;0;0;0;0;0;0;0;0;0;0;0;0;1;1;0;0;0;0;0;0;0;0;0;0;0;0;0;0;0;0;0;0;0;0;0;0;0;0;0;0;0;0;0;0;0;0;0;0;0;0;0;0;0;1;0;0;0;0;0;0;0;0;0;0;0;0;0;0;0;0;0;0;0;0;0;0;0;0;0;0;0;0;0;0;0;0;0;0;0;0;0;0;0;0;0;0;0;0;0;0;0;0;0;0;0;0;0;0;0;0;0;0;0;0;0;0;0;0;0;0;0;0;0;0;0;0;0;0;0;0
org.apache.commons.fileupload.ParameterParserTest#testFileUpload139;0;0;0;0;0;0;0;0;0;0;0;0;0;0;0;0;0;0;0;0;0;0;0;0;0;0;0;0;0;0;0;0;0;0;0;0;0;0;0;0;0;0;0;0;0;0;0;0;0;0;0;0;0;0;0;0;0;0;0;0;0;0;0;0;0;0;0;0;0;0;0;0;0;0;0;0;0;0;0;0;0;0;0;0;0;0;0;0;0;0;0;0;0;0;0;0;0;0;0;0;0;0;0;0;0;0;0;0;0;0;0;0;0;0;0;0;0;0;0;0;0;0;0;0;0;0;0;0;0;0;0;0;0;0;0;0;0;0;0;0;0;0;0;0;0;0;0;0;0;0;0;0;0;0;0;0;0;0;0;0;0;0;0;0;0;0;0;0;0;0;0;0;0;0;0;0;0;1;1;1;1;1;1;0;0;1;1;1;1;0;0;0;0;0;0;0;0;0;0;0;0;0;0;0;0;0;0;0;0;0;0;0;0;0;0;0;0;0;0;0;0;0;0;0;0;0;0;0;0;0;0;0;0;0;0;0;0;0;0;0;0;0;1;0;0;0;0;0;0;0;0;0;0;0;0;0;0;0;0;0;0;0;0;0;0;0;0;0;0;0;0;0;0;0;0;0;0;0;0;0;0;0;0;0;0;0;0;0;0;0;0;0;0;0;0;0;0;0;0;0;0;0;0;0;0;0;0;0;0;0;0;0;0;0
org.apache.commons.fileupload.ParameterParserTest#testContentTypeParsing;0;0;0;0;0;0;0;0;0;0;0;0;0;0;0;0;0;0;0;0;0;0;0;0;0;0;0;0;0;0;0;0;0;0;0;0;0;0;0;0;0;0;0;0;0;0;0;0;0;0;0;0;0;0;0;0;0;0;0;0;0;0;0;0;0;0;0;0;0;0;0;0;0;0;0;0;0;0;0;0;0;0;0;0;0;0;0;0;0;0;0;0;0;0;0;0;0;0;0;0;0;0;0;0;0;0;0;0;0;0;0;0;0;0;0;0;0;0;0;0;0;0;0;0;0;0;0;0;0;0;0;0;0;0;0;0;0;0;0;0;0;0;0;0;0;0;0;0;0;0;0;0;0;0;0;0;0;0;0;0;0;0;0;0;0;0;0;0;0;0;0;0;0;0;0;0;0;1;1;1;1;1;1;0;1;0;1;1;1;0;0;0;0;0;0;0;0;0;0;0;0;0;0;0;0;0;0;0;0;0;0;0;0;0;0;0;0;0;0;0;0;0;0;0;0;0;0;0;0;0;0;0;0;0;0;0;0;0;0;0;0;0;1;0;0;0;0;0;0;0;0;0;0;0;0;0;0;0;0;0;0;0;0;0;0;0;0;0;0;0;0;0;0;0;0;0;0;0;0;0;0;0;0;0;0;0;0;0;0;0;0;0;0;0;0;0;0;0;0;0;0;0;0;0;0;0;0;0;0;0;0;0;0;0
org.apache.commons.fileupload.ParameterParserTest#testParsing;0;0;0;0;0;0;0;0;0;0;0;0;0;0;0;0;0;0;0;0;0;0;0;0;0;0;0;0;0;0;0;0;0;0;0;0;0;0;0;0;0;0;0;0;0;0;0;0;0;0;0;0;0;0;0;0;0;0;0;0;0;0;0;0;0;0;0;0;0;0;0;0;0;0;0;0;0;0;0;0;0;0;0;0;0;0;0;0;0;0;0;0;0;0;0;0;0;0;0;0;0;0;0;0;0;0;0;0;0;0;0;0;0;0;0;0;0;0;0;0;0;0;0;0;0;0;0;0;0;0;0;0;0;0;0;0;0;0;0;0;0;0;0;0;0;0;0;0;0;0;0;0;0;0;0;0;0;0;0;0;0;0;0;0;0;0;0;0;0;0;0;0;0;0;0;0;0;1;1;1;1;1;1;0;0;1;1;1;1;0;0;0;0;0;0;0;0;0;0;0;0;0;0;0;0;0;0;0;0;0;0;0;0;0;0;0;0;0;0;0;0;0;0;0;0;0;0;0;0;0;0;0;0;0;0;0;0;0;0;0;0;0;1;0;0;0;0;0;0;0;0;0;0;0;0;0;0;0;0;0;0;0;0;0;0;0;0;0;0;0;0;0;0;0;0;0;0;0;0;0;0;0;0;0;0;0;0;0;0;0;0;0;0;0;0;0;0;0;0;0;0;0;0;0;0;0;0;0;0;0;0;0;0;0
org.apache.commons.fileupload.ParameterParserTest#testParsingEscapedChars;0;0;0;0;0;0;0;0;0;0;0;0;0;0;0;0;0;0;0;0;0;0;0;0;0;0;0;0;0;0;0;0;0;0;0;0;0;0;0;0;0;0;0;0;0;0;0;0;0;0;0;0;0;0;0;0;0;0;0;0;0;0;0;0;0;0;0;0;0;0;0;0;0;0;0;0;0;0;0;0;0;0;0;0;0;0;0;0;0;0;0;0;0;0;0;0;0;0;0;0;0;0;0;0;0;0;0;0;0;0;0;0;0;0;0;0;0;0;0;0;0;0;0;0;0;0;0;0;0;0;0;0;0;0;0;0;0;0;0;0;0;0;0;0;0;0;0;0;0;0;0;0;0;0;0;0;0;0;0;0;0;0;0;0;0;0;0;0;0;0;0;0;0;0;0;0;0;1;1;1;1;1;1;0;0;0;1;1;1;0;0;0;0;0;0;0;0;0;0;0;0;0;0;0;0;0;0;0;0;0;0;0;0;0;0;0;0;0;0;0;0;0;0;0;0;0;0;0;0;0;0;0;0;0;0;0;0;0;0;0;0;0;1;0;0;0;0;0;0;0;0;0;0;0;0;0;0;0;0;0;0;0;0;0;0;0;0;0;0;0;0;0;0;0;0;0;0;0;0;0;0;0;0;0;0;0;0;0;0;0;0;0;0;0;0;0;0;0;0;0;0;0;0;0;0;0;0;0;0;0;0;0;0;0
org.apache.commons.fileupload.ParameterParserTest#fileUpload199;0;0;0;0;0;0;0;0;0;0;0;0;0;0;0;0;0;0;0;0;0;0;0;0;0;0;0;0;0;0;0;0;0;0;0;0;0;0;0;0;0;0;0;0;0;0;0;0;0;0;0;0;0;0;0;0;0;0;0;0;0;0;0;0;0;0;0;0;0;0;0;0;0;0;0;0;0;0;0;0;0;0;0;0;0;0;0;0;0;0;0;0;0;0;0;0;0;0;0;0;0;0;0;0;0;0;0;0;0;0;0;0;0;0;0;0;0;0;0;0;0;0;0;0;0;0;0;0;0;0;0;0;0;0;0;0;0;0;0;0;0;0;0;0;0;0;0;0;0;0;0;0;0;0;0;0;0;0;0;0;0;0;0;0;0;0;0;0;0;0;0;0;0;0;0;0;0;1;1;1;1;1;1;0;0;1;1;1;1;0;0;0;0;0;0;0;0;0;0;0;0;0;0;0;0;0;0;0;0;0;0;0;0;0;0;0;0;0;0;0;0;0;0;0;0;0;0;0;0;0;0;0;0;0;0;0;0;0;0;0;0;0;1;1;1;0;0;1;0;0;0;0;0;0;0;0;0;0;0;0;0;0;0;0;0;0;0;0;0;0;0;0;0;0;0;0;0;0;0;0;0;0;0;0;0;0;0;0;0;0;0;0;0;0;0;0;0;0;0;0;0;0;0;0;0;0;0;0;0;0;0;0;0;0
org.apache.commons.fileupload.ProgressListenerTest#testProgressListener;0;0;0;0;1;1;0;0;0;1;0;0;0;0;0;0;0;0;0;0;0;0;0;0;0;0;0;0;0;0;0;0;0;1;0;1;0;1;1;0;0;0;0;0;0;0;0;0;0;0;0;0;0;0;0;0;0;0;0;0;0;0;1;1;0;0;0;0;0;0;0;0;0;1;0;0;0;0;0;0;0;0;0;1;0;0;1;0;1;1;1;1;0;0;1;1;0;1;1;0;0;1;1;1;1;1;0;0;0;0;0;0;0;0;0;0;0;0;0;0;0;0;0;0;0;0;0;0;0;0;0;0;0;0;0;0;0;0;0;0;0;0;0;0;0;0;0;0;0;0;0;0;0;0;0;0;0;0;0;0;0;0;0;1;0;0;0;0;0;0;1;1;0;0;0;0;0;1;1;1;1;1;1;0;1;1;1;1;1;1;1;0;0;1;0;0;1;1;0;0;1;1;1;0;1;1;1;1;1;1;1;1;1;1;1;1;1;1;1;1;1;1;0;0;1;1;0;1;1;1;1;1;0;1;1;0;0;1;1;1;1;0;1;0;0;0;0;0;1;0;1;1;0;0;0;0;1;1;0;0;0;0;0;1;1;1;1;1;1;1;1;1;0;1;1;1;1;1;1;0;0;0;0;0;0;0;0;0;1;0;0;0;0;1;1;0;1;0;0;0;0;0;0;0;0;0;0;0;0;0;0;0;0;0
org.apache.commons.fileupload.ServletFileUploadTest#testFileUpload130;0;0;1;1;1;1;0;0;0;1;0;0;0;0;0;0;0;0;0;0;0;0;0;0;0;0;0;0;0;0;0;0;0;1;0;1;0;1;1;0;0;0;0;0;0;0;0;0;0;0;0;0;0;0;0;0;0;0;0;0;0;0;0;0;0;0;0;0;0;0;0;0;0;1;0;0;0;0;0;0;0;0;0;1;1;0;1;0;1;1;1;1;0;0;1;1;0;1;1;0;0;0;1;1;1;1;0;0;0;0;0;0;0;0;0;0;0;0;0;0;0;0;0;0;0;0;0;0;0;0;0;0;0;0;0;1;1;0;0;0;0;1;1;0;0;1;0;0;0;0;0;0;0;0;0;0;0;0;0;0;0;1;0;0;1;1;0;1;1;0;1;1;0;0;0;0;0;1;1;1;1;1;1;0;1;1;1;1;1;1;1;0;0;1;0;0;1;1;0;0;1;1;1;0;1;1;1;1;1;1;1;1;1;1;1;1;0;1;1;1;1;1;0;0;1;1;0;1;0;1;1;1;0;1;1;0;0;1;1;1;1;0;1;0;0;0;0;0;1;0;1;0;1;0;1;0;0;0;1;1;0;0;0;0;0;0;1;1;1;1;1;1;0;1;1;1;1;1;1;0;0;0;0;0;0;0;0;0;1;1;1;0;1;1;1;1;1;1;0;0;0;0;0;0;0;0;0;0;0;0;0;0;0;0
org.apache.commons.fileupload.ServletFileUploadTest#testFoldedHeaders;0;0;1;1;1;1;0;0;0;1;0;0;0;0;0;0;0;0;0;0;0;0;0;0;0;0;0;0;0;0;0;0;0;1;0;1;0;1;1;0;0;0;0;0;0;0;0;0;0;0;0;0;0;0;0;0;0;0;0;0;0;0;0;0;0;0;0;0;0;0;0;0;0;1;0;0;0;0;0;0;0;0;0;1;1;0;1;0;1;1;1;1;0;0;1;1;0;1;1;0;0;0;1;1;1;1;0;0;0;0;0;0;0;0;0;0;0;0;0;0;0;0;0;0;0;0;0;0;0;0;0;0;0;0;0;1;1;0;0;0;0;1;1;0;0;1;0;1;1;1;1;0;1;0;1;0;0;1;0;1;0;1;0;0;1;1;0;0;1;0;1;1;0;0;1;0;0;1;1;1;1;1;1;0;1;1;1;1;1;1;1;0;0;1;0;0;1;1;0;0;1;1;1;0;1;1;1;1;1;1;1;1;1;1;1;1;0;1;1;1;1;1;0;0;1;1;0;1;0;1;1;1;0;1;1;0;0;1;1;1;1;0;1;0;0;0;0;0;1;0;1;0;1;0;1;0;0;0;1;1;0;0;0;0;0;0;1;1;1;1;1;1;0;1;1;1;1;1;1;0;0;0;0;0;0;0;0;0;1;1;1;0;1;1;1;1;1;1;0;0;0;0;0;0;0;0;0;0;0;0;0;0;0;0
org.apache.commons.fileupload.ServletFileUploadTest#testWithInvalidRequest;0;0;0;0;1;1;0;0;0;1;0;0;0;0;0;0;0;0;0;0;0;0;0;0;0;0;0;0;0;0;0;0;0;1;0;1;0;1;1;0;0;0;0;0;0;0;0;0;0;0;0;0;0;0;0;0;0;0;0;0;0;0;0;0;0;1;1;0;0;0;0;0;0;1;0;0;0;0;0;0;0;0;1;1;1;0;1;0;0;0;0;0;0;0;0;0;0;0;0;0;0;0;0;1;1;0;1;0;0;0;0;0;0;0;0;0;0;0;0;0;0;0;0;0;0;0;0;0;0;0;0;0;1;0;0;1;1;0;0;0;0;0;0;0;0;0;0;0;0;0;0;0;0;0;0;0;0;0;0;0;0;0;0;0;0;0;0;0;0;0;0;0;0;0;0;0;0;1;1;1;1;1;0;0;1;1;1;1;1;0;0;0;0;0;0;0;0;0;0;0;0;0;0;0;0;0;0;0;0;0;0;0;0;0;0;0;0;0;0;0;0;0;0;0;0;0;0;0;0;0;0;0;0;0;0;0;0;0;0;0;0;0;0;0;0;0;0;0;1;0;0;0;0;0;0;0;0;0;0;0;0;0;0;0;0;0;1;1;1;1;1;1;0;1;0;0;0;0;0;0;0;0;0;0;0;0;0;0;0;0;0;0;0;0;0;0;0;0;0;0;0;0;0;0;1;0;0;0;0;0;0;0;0;0
org.apache.commons.fileupload.ServletFileUploadTest#testWithNullContentType;0;0;0;0;1;1;0;0;0;0;0;0;0;0;0;0;0;0;0;0;0;0;0;0;0;0;0;0;0;0;0;0;0;0;0;0;0;1;0;0;0;0;0;0;0;0;0;0;0;0;0;0;0;0;0;0;0;0;0;0;0;0;0;0;0;1;1;0;0;0;0;1;0;1;0;0;0;0;0;0;0;0;1;1;1;0;0;0;0;0;0;0;0;0;0;0;0;0;0;0;0;0;0;0;0;0;1;0;0;0;0;0;0;0;0;0;0;0;0;0;0;0;0;0;0;0;0;0;0;0;0;0;1;0;0;1;1;0;0;0;0;0;0;0;0;0;0;0;0;0;0;0;0;0;0;0;0;0;0;0;0;0;0;0;0;0;0;0;0;0;0;0;0;0;0;0;0;0;0;0;0;0;0;0;0;0;0;0;0;0;0;0;0;0;0;0;0;0;0;0;0;0;0;0;0;0;0;0;0;0;0;0;0;0;0;0;0;0;0;0;0;0;0;0;0;0;0;0;0;0;0;0;0;0;0;0;0;0;0;0;0;0;0;0;0;0;0;0;0;0;0;0;0;0;0;0;0;0;0;0;0;0;0;0;0;0;1;0;1;0;0;0;0;1;0;0;0;0;0;0;0;0;0;0;0;0;0;0;0;0;0;0;0;0;0;0;0;0;0;0;0;0;1;0;0;0;0;0;0;0;0;0;0;0
org.apache.commons.fileupload.ServletFileUploadTest#testFILEUPLOAD62;0;0;1;0;1;1;0;0;0;1;0;0;0;0;0;0;0;0;0;0;0;0;0;0;0;0;0;0;0;0;0;0;0;1;0;1;0;1;1;0;0;0;0;0;0;0;0;0;0;0;0;0;0;0;0;0;0;0;0;0;0;0;0;0;0;0;0;0;0;0;0;0;0;1;0;0;0;0;0;0;0;0;0;1;1;0;1;0;1;1;1;1;0;0;1;1;0;1;1;0;0;0;1;1;1;1;0;0;0;0;0;0;0;0;0;0;0;0;0;0;0;0;0;0;0;0;0;0;0;0;0;0;0;0;0;1;1;0;0;0;0;1;1;0;0;1;0;0;0;1;1;0;1;0;0;0;0;1;0;0;0;1;0;0;1;1;0;0;1;0;1;1;0;0;1;0;0;1;1;1;1;1;1;0;1;1;1;1;1;1;1;0;0;1;0;0;1;1;0;0;1;1;1;1;1;1;1;1;1;1;1;1;1;1;1;1;0;1;1;1;1;1;0;0;1;1;0;1;0;1;1;1;0;1;1;0;0;1;1;1;1;0;1;0;0;0;0;0;1;0;1;0;1;0;1;0;0;0;1;1;0;0;0;0;0;0;1;1;1;1;1;1;0;1;1;1;1;1;1;0;0;0;0;0;0;0;0;0;1;1;1;0;1;1;1;1;1;1;0;0;0;0;0;0;0;0;0;0;0;0;0;0;0;0
org.apache.commons.fileupload.ServletFileUploadTest#testEmptyFile;0;0;1;1;1;1;0;0;0;1;0;0;0;0;0;0;0;0;0;0;0;0;0;0;0;0;0;0;0;0;0;0;0;1;0;1;0;1;1;0;0;0;0;0;0;0;0;0;0;0;0;0;0;0;0;0;0;0;0;0;0;0;0;0;0;0;0;0;0;0;0;0;0;1;0;0;0;0;0;0;0;0;0;1;1;0;1;0;1;1;1;1;0;0;1;1;0;1;1;0;0;0;1;1;1;1;0;0;0;0;0;0;0;0;0;0;0;0;0;0;0;0;0;0;0;0;0;0;0;0;0;0;0;0;0;1;1;0;0;0;0;1;1;0;0;1;0;1;1;1;1;0;1;0;1;0;0;0;0;1;0;1;0;0;1;1;0;0;1;0;1;1;0;0;1;0;0;1;1;1;1;1;1;0;1;1;1;1;1;1;1;0;0;1;0;0;1;1;0;0;1;1;1;0;1;1;1;1;1;1;1;1;1;1;1;1;0;1;1;1;1;1;0;0;1;1;0;1;0;1;1;1;0;1;1;0;0;1;1;1;1;0;1;0;0;0;0;0;1;0;1;0;1;0;1;0;0;0;1;1;0;0;0;0;0;0;1;1;1;1;1;1;0;1;1;1;1;1;1;0;0;0;0;0;0;0;0;0;1;1;1;0;1;1;1;1;1;1;0;0;0;0;0;0;0;0;0;0;0;0;0;0;0;0
org.apache.commons.fileupload.ServletFileUploadTest#parseParameterMap;0;0;0;0;1;1;0;0;0;1;0;0;0;0;0;0;0;0;0;0;0;0;0;0;0;0;0;0;0;0;0;0;0;1;0;1;0;1;1;0;0;0;0;0;0;0;0;0;0;0;0;0;0;0;0;0;0;0;0;0;0;0;0;0;0;0;0;0;0;0;0;0;0;1;0;0;0;0;0;0;0;0;0;1;1;1;1;0;1;1;1;1;0;0;1;1;0;1;1;0;0;0;1;1;1;1;0;0;0;0;0;0;0;0;0;0;0;0;0;0;0;0;0;0;0;0;0;0;0;0;0;0;0;0;0;1;1;0;0;0;0;1;1;0;0;1;0;0;0;0;0;0;0;0;0;0;0;1;0;0;0;1;0;0;1;1;0;0;1;0;1;1;0;0;0;0;0;1;1;1;1;1;1;0;1;1;1;1;1;1;1;0;0;1;0;0;1;1;0;0;1;1;1;0;1;1;1;1;1;1;1;1;1;1;1;1;0;1;1;1;1;1;0;0;1;1;0;1;0;1;1;1;0;1;1;0;0;1;1;1;1;0;1;0;0;0;0;0;1;0;1;0;1;0;0;1;0;0;1;1;0;0;0;0;0;0;1;1;1;1;1;1;0;1;1;1;1;1;1;0;0;0;0;0;0;0;0;0;1;1;1;0;1;1;1;1;1;1;0;0;0;0;0;0;0;0;0;0;0;0;0;0;0;0
org.apache.commons.fileupload.ServletFileUploadTest#testContentTypeAttachment;0;0;1;1;1;1;0;0;0;1;0;0;0;0;0;0;0;0;0;0;0;0;0;0;0;0;0;0;0;0;0;0;0;1;0;1;0;1;1;0;0;0;0;0;0;0;0;0;0;0;0;0;0;0;0;0;0;0;0;0;0;0;0;0;0;0;0;0;0;0;0;0;0;1;0;0;0;0;0;0;0;0;0;1;1;0;1;0;1;1;1;1;0;0;1;1;0;1;1;0;0;0;1;1;1;1;0;0;0;0;0;0;0;0;0;0;0;0;0;0;0;0;0;0;0;0;0;0;0;0;0;0;0;0;0;1;1;0;0;0;0;1;1;0;0;1;0;1;1;1;1;0;1;0;1;0;0;1;0;1;0;1;0;0;1;1;0;0;1;0;1;1;0;0;1;0;0;1;1;1;1;1;1;0;1;1;1;1;1;1;1;0;0;1;0;0;1;1;0;0;1;1;1;1;1;1;1;1;1;1;1;1;1;1;1;1;0;1;1;1;1;1;0;0;1;1;0;1;0;1;1;1;0;1;1;0;0;1;1;1;1;0;1;0;0;0;0;0;1;0;1;0;1;0;1;0;0;0;1;1;0;0;0;0;0;0;1;1;1;1;1;1;0;1;1;1;1;1;1;0;0;0;0;0;0;0;0;0;1;1;1;0;1;1;1;1;1;1;0;0;0;0;0;0;0;0;0;0;0;0;0;0;0;0
org.apache.commons.fileupload.ServletFileUploadTest#testFileUpload;0;0;1;1;1;1;0;0;0;1;0;0;0;0;0;0;0;0;0;0;0;0;0;0;0;0;0;0;0;0;0;0;0;1;0;1;0;1;1;0;0;0;0;0;0;0;0;0;0;0;0;0;0;0;0;0;0;0;0;0;0;0;0;0;0;0;0;0;0;0;0;0;0;1;0;0;0;0;0;0;0;0;0;1;1;0;1;0;1;1;1;1;0;0;1;1;0;1;1;0;0;0;1;1;1;1;0;0;0;0;0;0;0;0;0;0;0;0;0;0;0;0;0;0;0;0;0;0;0;0;0;0;0;0;0;1;1;0;0;0;0;1;1;0;0;1;0;1;1;1;1;0;1;0;1;0;0;1;0;1;0;1;0;0;1;1;0;0;1;0;1;1;0;0;1;0;0;1;1;1;1;1;1;0;1;1;1;1;1;1;1;0;0;1;0;0;1;1;0;0;1;1;1;0;1;1;1;1;1;1;1;1;1;1;1;1;0;1;1;1;1;1;0;0;1;1;0;1;0;1;1;1;0;1;1;0;0;1;1;1;1;0;1;0;0;0;0;0;1;0;1;0;1;0;1;0;0;0;1;1;0;0;0;0;0;0;1;1;1;1;1;1;0;1;1;1;1;1;1;0;0;0;0;0;0;0;0;0;1;1;1;0;1;1;1;1;1;1;0;0;0;0;0;0;0;0;0;0;0;0;0;0;0;0
org.apache.commons.fileupload.ServletFileUploadTest#testFilenameCaseSensitivity;0;0;1;1;1;1;0;0;0;1;0;0;0;0;0;0;0;0;0;0;0;0;0;0;0;0;0;0;0;0;0;0;0;1;0;1;0;1;1;0;0;0;0;0;0;0;0;0;0;0;0;0;0;0;0;0;0;0;0;0;0;0;0;0;0;0;0;0;0;0;0;0;0;1;0;0;0;0;0;0;0;0;0;1;1;0;1;0;1;1;1;1;0;0;1;1;0;1;1;0;0;0;1;1;1;1;0;0;0;0;0;0;0;0;0;0;0;0;0;0;0;0;0;0;0;0;0;0;0;0;0;0;0;0;0;1;1;0;0;0;0;1;1;0;0;1;0;0;0;1;0;0;0;0;0;0;0;1;0;0;0;1;0;0;1;1;0;0;1;0;1;1;0;0;1;0;0;1;1;1;1;1;1;0;1;1;1;1;1;1;1;0;0;1;0;0;1;1;0;0;1;1;1;0;1;1;1;1;1;1;1;1;1;1;1;1;0;1;1;1;1;1;0;0;1;1;0;1;0;1;1;1;0;1;1;0;0;1;1;1;1;0;1;0;0;0;0;0;1;0;1;0;1;0;1;0;0;0;1;1;0;0;0;0;0;0;1;1;1;1;1;1;0;1;1;1;1;1;1;0;0;0;0;0;0;0;0;0;1;1;1;0;1;1;1;1;1;1;0;0;0;0;0;0;0;0;0;0;0;0;0;0;0;0
org.apache.commons.fileupload.ServletFileUploadTest#testIE5MacBug;0;0;1;1;1;1;0;0;0;1;0;0;0;0;0;0;0;0;0;0;0;0;0;0;0;0;0;0;0;0;0;0;0;1;0;1;0;1;1;0;0;0;0;0;0;0;0;0;0;0;0;0;0;0;0;0;0;0;0;0;0;0;0;0;0;0;0;0;0;0;0;0;0;1;0;0;0;0;0;0;0;0;0;1;1;0;1;0;1;1;1;1;0;0;1;1;0;1;1;0;0;0;1;1;1;1;0;0;0;0;0;0;0;0;0;0;0;0;0;0;0;0;0;0;0;0;0;0;0;0;0;0;0;0;0;1;1;0;0;0;0;1;1;0;0;1;0;1;1;0;1;0;1;0;1;0;0;1;0;1;0;1;0;0;1;1;0;0;1;0;1;1;0;0;0;0;0;1;1;1;1;1;1;0;1;1;1;1;1;1;1;0;0;1;0;0;1;1;0;0;1;1;1;0;1;1;1;1;1;1;1;1;1;1;1;1;0;1;1;1;1;1;0;0;1;1;0;1;0;1;1;1;0;1;1;0;0;1;1;1;1;0;1;0;0;0;0;0;1;0;1;0;1;0;1;0;0;0;1;1;0;0;0;0;0;0;1;1;1;1;1;1;0;1;1;1;1;1;1;0;0;0;0;0;0;0;0;0;1;1;1;0;1;1;1;1;1;1;0;0;0;0;0;0;0;0;0;0;0;0;0;0;0;0
org.apache.commons.fileupload.SizesTest#testFileSizeLimitWithFakedContentLength;0;0;0;0;1;1;0;0;0;1;0;0;0;0;0;0;0;0;0;0;0;0;0;0;0;0;0;0;0;0;0;0;0;1;0;1;0;1;1;0;0;0;0;0;0;0;0;0;0;0;0;0;0;0;0;0;0;0;0;0;0;0;0;0;0;1;1;0;0;0;0;0;0;1;0;0;0;0;0;1;0;0;0;1;1;0;1;0;1;1;1;1;0;0;1;1;0;1;1;0;0;0;1;1;1;1;0;0;0;0;0;0;0;0;0;1;1;1;0;1;0;0;0;0;0;1;0;1;0;1;1;0;0;0;0;1;1;0;0;0;0;1;1;0;0;1;0;0;0;0;1;0;1;0;0;0;1;0;0;0;0;1;1;0;1;1;0;0;1;0;1;1;0;0;0;0;0;1;1;1;1;1;1;0;1;1;1;1;1;1;1;0;0;1;0;0;1;1;0;0;1;1;1;0;1;1;1;1;1;1;1;1;1;1;1;1;0;1;1;1;1;1;0;0;1;1;0;1;0;1;1;1;0;1;1;0;0;1;1;1;1;0;1;0;0;0;0;0;1;0;1;0;1;0;1;0;0;0;1;1;0;0;0;0;0;0;1;1;1;1;1;1;0;1;1;1;1;1;1;0;0;1;1;0;1;1;1;0;1;1;1;0;1;1;1;1;1;1;1;1;1;0;0;0;0;0;0;0;0;0;0;0;0;0
org.apache.commons.fileupload.SizesTest#testMaxSizeLimitUnknownContentLength;0;0;0;0;1;1;0;0;0;1;0;0;0;0;0;0;0;0;0;0;0;0;0;0;0;0;0;0;0;0;0;0;0;1;0;1;1;1;1;1;0;0;0;0;0;0;0;0;0;0;0;0;0;0;0;0;0;0;0;0;0;0;0;0;0;1;1;0;0;0;0;0;0;1;0;0;0;1;0;1;0;0;0;1;0;0;1;0;1;1;1;1;0;0;1;1;0;1;1;0;0;0;1;1;1;1;0;0;0;0;0;0;0;0;0;1;0;1;0;0;0;0;1;0;0;0;0;0;0;0;0;0;0;0;0;1;1;0;0;0;0;0;0;0;0;0;0;0;0;0;0;0;0;0;0;0;0;0;0;0;0;0;0;0;0;0;0;0;0;0;1;1;0;0;1;0;0;1;1;1;1;1;1;0;1;1;1;1;1;1;1;0;0;1;0;0;1;1;0;0;1;1;1;0;1;1;1;1;1;1;1;1;1;1;1;1;0;1;1;1;1;1;0;0;1;1;0;1;0;1;1;1;0;1;1;0;0;1;1;1;1;0;1;0;0;0;0;0;1;0;1;0;1;0;0;0;1;0;1;0;0;0;0;0;0;0;1;1;1;1;1;1;0;1;1;1;1;1;1;1;1;1;1;0;1;0;0;0;1;0;1;1;1;1;1;0;1;0;0;0;0;0;0;0;0;0;0;0;0;0;0;0;0;0
org.apache.commons.fileupload.SizesTest#testMaxSizeLimit;0;0;0;0;1;1;0;0;0;1;0;0;0;0;0;0;0;0;0;0;0;0;0;0;0;0;0;0;0;0;0;0;0;0;0;1;0;1;0;0;0;0;0;0;0;0;0;0;0;0;0;0;0;0;0;0;0;0;0;0;0;0;0;0;0;1;1;0;0;0;0;0;0;1;0;0;0;1;0;1;0;0;0;1;1;0;0;0;0;0;0;0;0;0;0;0;0;0;0;0;0;0;0;1;0;0;0;0;0;0;0;0;0;0;0;0;0;1;0;1;0;0;1;1;0;0;0;0;0;0;0;0;0;0;0;1;1;0;0;0;0;0;0;0;0;0;0;0;0;0;0;0;0;0;0;0;0;0;0;0;0;0;0;0;0;0;0;0;0;0;0;0;0;0;0;0;0;0;0;0;0;0;0;0;0;0;0;0;0;0;0;0;0;0;0;0;0;0;0;0;0;0;0;0;0;0;0;0;0;0;0;0;0;0;0;0;0;0;0;0;0;0;0;0;0;0;0;0;0;0;0;0;0;0;0;0;0;0;0;0;0;0;0;0;0;0;0;0;0;0;0;0;1;0;1;0;0;0;1;0;0;0;0;0;0;0;1;0;1;1;1;0;0;1;0;0;0;0;0;0;0;0;0;0;0;0;0;0;0;0;0;0;0;0;0;0;0;0;0;0;0;0;0;0;0;0;0;0;0;0;0;0;0;0
org.apache.commons.fileupload.SizesTest#testFileUpload;0;1;1;0;1;1;0;0;0;1;0;0;0;0;0;0;0;0;0;0;0;0;0;0;0;0;0;0;0;0;0;0;0;1;0;1;0;1;1;0;0;0;0;0;0;0;0;0;0;0;0;0;0;0;0;0;0;0;0;0;0;0;0;0;0;0;0;0;0;0;0;0;0;1;0;0;0;0;0;0;0;0;0;1;1;0;1;0;1;1;1;1;0;0;1;1;0;1;1;0;0;0;1;1;1;1;0;0;0;0;0;0;0;0;0;0;0;0;0;0;0;0;0;0;0;0;0;0;0;0;0;0;0;0;0;1;1;0;0;0;0;1;1;0;0;1;0;0;0;0;1;1;1;0;0;0;0;1;0;0;0;1;0;1;1;1;0;0;1;0;1;1;0;0;0;0;0;1;1;1;1;1;1;0;1;1;1;1;1;1;1;0;0;1;0;0;1;1;0;0;1;1;1;0;1;1;1;1;1;1;1;1;1;1;1;1;0;1;1;1;1;1;0;0;1;1;0;1;0;1;1;1;0;1;1;0;0;1;1;1;1;0;1;0;0;0;0;0;1;0;1;0;1;0;1;0;0;0;1;1;0;0;0;0;0;0;1;1;1;1;1;1;0;1;1;1;1;1;1;0;0;0;0;0;0;0;0;0;1;1;1;0;1;1;1;1;1;1;0;0;0;0;0;0;0;0;0;0;0;0;0;0;0;0
org.apache.commons.fileupload.SizesTest#testFileSizeLimit;0;0;0;0;1;1;0;0;0;1;0;0;0;0;0;0;0;0;0;0;0;0;0;0;0;0;0;0;0;0;0;0;0;1;0;1;0;1;1;0;0;0;0;0;0;0;0;0;0;0;0;0;0;0;0;0;0;0;0;0;0;0;0;0;0;1;1;0;0;0;0;0;0;1;0;0;0;0;0;1;0;0;0;1;1;0;1;0;1;1;1;1;0;0;1;1;0;1;1;0;0;0;1;1;1;1;0;0;0;0;0;0;0;0;0;1;1;1;0;1;0;0;0;0;0;1;0;1;0;1;1;0;0;0;0;1;1;0;0;0;0;1;1;0;0;1;0;0;0;0;1;0;1;0;0;0;1;0;0;0;0;1;1;0;1;1;0;0;1;0;1;1;0;0;0;0;0;1;1;1;1;1;1;0;1;1;1;1;1;1;1;0;0;1;0;0;1;1;0;0;1;1;1;0;1;1;1;1;1;1;1;1;1;1;1;1;0;1;1;1;1;1;0;0;1;1;0;1;0;1;1;1;0;1;1;0;0;1;1;1;1;0;1;0;0;0;0;0;1;0;1;0;1;0;1;0;0;0;1;1;0;0;0;0;0;0;1;1;1;1;1;1;0;1;1;1;1;1;1;0;0;1;1;0;1;1;1;0;1;1;1;0;1;1;1;1;1;1;1;1;1;0;0;0;0;0;0;0;0;0;0;0;0;0
org.apache.commons.fileupload.StreamingTest#testInvalidFileNameException;0;0;0;0;0;1;0;0;0;1;0;0;0;0;0;0;0;0;0;0;0;0;0;0;0;0;0;0;0;0;0;0;0;1;0;1;0;1;1;0;0;0;0;0;0;0;0;0;0;0;0;0;0;0;0;0;0;0;0;0;0;0;0;0;0;0;0;0;0;0;0;0;0;1;0;0;0;0;0;0;0;0;0;1;1;0;1;0;1;1;1;1;0;0;1;1;0;1;1;0;0;0;1;1;1;1;0;0;0;0;0;0;0;0;0;0;0;0;0;0;0;0;0;0;0;0;0;0;0;0;0;0;0;0;0;1;1;0;0;0;0;1;1;0;0;1;0;0;0;1;0;0;0;0;0;0;0;0;0;0;0;1;0;0;1;1;0;0;1;0;1;1;0;0;1;1;1;1;1;1;1;1;1;0;1;1;1;1;1;1;1;0;0;1;0;0;1;1;0;0;1;1;1;0;1;1;1;1;1;1;1;1;1;1;1;1;0;1;1;1;1;1;0;0;1;1;0;1;0;1;1;1;0;1;1;0;0;1;1;1;1;0;1;0;0;0;0;0;1;0;1;1;0;0;0;0;0;1;0;1;1;0;0;0;0;0;1;1;1;1;1;1;0;1;1;1;1;1;1;0;0;0;0;0;0;0;0;0;1;1;1;1;1;1;1;1;1;1;0;0;0;0;0;0;0;0;0;0;0;0;0;0;0;0
org.apache.commons.fileupload.StreamingTest#testFILEUPLOAD135;0;0;0;0;0;1;0;0;0;1;0;0;0;0;0;0;0;0;0;0;0;0;0;0;0;0;0;0;0;0;0;0;0;1;0;1;0;1;1;0;0;0;0;0;0;0;0;0;0;0;0;0;0;0;0;0;0;0;0;0;0;0;0;0;0;0;0;0;0;0;0;0;0;1;0;0;0;0;0;0;0;0;0;1;1;0;1;0;1;1;1;1;0;0;1;1;0;1;1;0;0;0;1;1;1;1;0;0;0;0;0;0;0;0;0;0;0;0;0;0;0;0;0;0;0;0;0;0;0;0;0;0;0;0;0;1;1;0;0;0;0;1;1;0;0;1;0;0;0;0;1;0;1;0;0;0;0;1;0;0;0;1;0;0;1;1;0;0;1;0;1;1;0;0;0;0;0;1;1;1;1;1;1;0;1;1;1;1;1;1;1;0;0;1;0;0;1;1;0;0;1;1;1;0;1;1;1;1;1;1;1;1;1;1;1;1;0;1;1;1;1;1;0;0;1;1;0;1;0;1;1;1;0;1;1;0;0;1;1;1;1;0;1;0;0;0;0;0;1;0;1;1;0;0;0;0;0;1;0;1;1;0;0;0;0;0;1;1;1;1;1;1;0;1;1;1;1;1;1;0;0;0;0;0;0;0;0;0;1;1;1;0;1;1;1;1;1;1;0;0;0;0;0;0;0;1;0;1;0;0;0;0;0;0
org.apache.commons.fileupload.StreamingTest#testIOException;0;0;0;0;0;1;0;0;0;1;0;0;0;0;0;0;0;0;0;0;0;0;0;0;0;0;0;0;0;0;0;0;0;1;0;1;0;1;1;0;0;0;0;0;0;0;0;0;0;0;0;0;0;0;0;0;0;0;0;0;0;0;0;0;0;0;1;0;0;1;0;0;0;1;0;0;0;0;0;0;0;0;0;1;1;0;1;0;0;0;0;0;0;0;0;0;0;0;0;0;0;0;0;1;1;1;0;0;0;0;0;0;0;0;0;0;0;0;0;0;0;0;0;0;0;0;0;0;0;0;0;0;0;0;0;1;1;0;0;0;0;0;0;0;0;0;0;0;0;0;0;0;0;0;0;0;0;0;0;0;0;0;0;0;0;0;0;0;0;0;1;1;0;0;0;0;0;1;1;1;1;1;1;0;1;1;1;1;1;0;0;0;0;0;0;0;1;1;0;0;1;0;0;0;0;1;1;1;1;0;0;1;1;1;1;1;0;1;1;1;1;0;0;0;1;1;0;1;0;1;1;1;0;1;0;0;0;1;0;0;0;0;1;0;0;0;0;0;1;0;1;1;0;0;0;0;0;1;0;0;1;0;0;0;0;0;1;1;1;1;1;1;0;1;1;0;0;0;0;0;0;0;0;0;0;0;0;0;0;0;0;0;0;0;0;0;0;0;0;0;0;0;0;0;0;0;0;0;1;1;1;0;0;0
org.apache.commons.fileupload.StreamingTest#testFileUpload;0;0;0;0;0;1;0;0;0;1;0;0;0;0;0;0;0;0;0;0;0;0;0;0;0;0;0;0;0;0;0;0;0;1;0;1;0;1;1;0;0;0;0;0;0;0;0;0;0;0;0;0;0;0;0;0;0;0;0;0;0;0;0;0;0;0;0;0;0;0;0;0;0;1;0;0;0;0;0;0;0;0;0;1;1;0;1;0;1;1;1;1;0;0;1;1;0;1;1;0;0;0;1;1;1;1;0;0;0;0;0;0;0;0;0;0;0;0;0;0;0;0;0;0;0;0;0;0;0;0;0;0;0;0;0;1;1;0;0;0;0;1;1;0;0;1;0;0;0;0;1;1;1;0;0;0;0;1;0;0;0;1;0;1;1;1;0;0;1;0;1;1;0;0;0;0;0;1;1;1;1;1;1;0;1;1;1;1;1;1;1;0;0;1;0;0;1;1;0;0;1;1;1;0;1;1;1;1;1;1;1;1;1;1;1;1;0;1;1;1;1;1;0;0;1;1;0;1;0;1;1;1;0;1;1;0;0;1;1;1;1;0;1;0;0;0;0;0;1;0;1;1;0;0;0;0;0;1;0;1;1;0;0;0;0;0;1;1;1;1;1;1;0;1;1;1;1;1;1;0;0;0;0;0;0;0;0;0;1;1;1;0;1;1;1;1;1;1;0;0;0;0;0;0;0;0;0;0;0;0;0;0;0;0
org.apache.commons.fileupload.StreamingTest#testFileUploadException;0;0;0;0;0;1;0;0;0;1;0;0;0;0;0;0;0;0;0;0;0;0;0;0;0;0;0;0;0;0;0;0;0;1;0;1;0;1;1;0;0;0;0;0;0;0;0;0;0;0;0;0;0;0;0;0;0;0;0;0;0;0;0;0;0;1;1;0;0;0;0;0;0;1;0;0;0;0;0;0;0;0;0;1;1;0;1;0;1;1;1;1;0;0;1;1;0;1;1;0;0;0;1;1;1;1;0;0;0;0;0;0;0;0;0;0;0;0;0;0;0;0;0;0;0;0;0;0;0;0;0;0;0;0;0;1;1;0;0;0;0;1;1;0;0;1;0;0;0;0;1;0;0;0;0;0;1;0;0;0;0;1;1;1;1;1;0;0;1;0;1;1;0;0;0;0;0;1;1;1;1;1;1;0;1;1;1;1;1;1;1;0;0;1;0;0;1;1;0;0;1;1;1;0;1;1;1;1;1;1;1;1;1;1;1;1;0;1;1;1;1;1;0;1;1;1;0;1;0;1;1;1;0;1;1;0;0;1;1;1;1;0;1;0;0;0;0;0;1;0;1;1;0;0;0;0;0;1;0;1;1;1;1;0;0;0;1;1;1;1;1;1;0;1;1;1;1;1;1;0;0;0;0;0;0;0;0;0;1;1;1;0;1;1;1;1;1;1;0;0;0;0;0;0;0;0;0;0;0;0;0;0;0;0
org.apache.commons.fileupload.util.mime.Base64DecoderTestCase#decodeTrailingJunk;0;0;0;0;0;0;0;0;0;0;0;0;0;0;0;0;0;0;0;0;0;0;0;0;0;0;0;0;0;0;0;0;0;0;0;0;0;0;0;0;0;0;0;0;0;0;0;0;0;0;0;0;0;0;0;0;0;0;0;0;0;0;0;0;0;0;0;0;0;0;0;0;0;0;0;0;0;0;0;0;0;0;0;0;0;0;0;0;0;0;0;0;0;0;0;0;0;0;0;0;0;0;0;0;0;0;0;0;0;0;0;0;0;0;0;0;0;0;0;0;0;0;0;0;0;0;0;0;0;0;0;0;0;0;0;0;0;0;0;0;0;0;0;0;0;0;0;0;0;0;0;0;0;0;0;0;0;0;0;0;0;0;0;0;0;0;0;0;0;0;0;0;0;0;0;0;0;0;0;0;0;0;0;0;0;0;0;0;0;0;0;0;0;0;0;0;0;0;0;0;0;0;0;0;0;0;0;0;0;0;0;0;0;0;0;0;0;0;0;0;0;0;0;0;0;0;0;0;0;0;0;0;0;0;0;0;0;0;0;0;0;0;0;0;0;0;0;1;0;0;0;0;0;0;0;0;0;0;0;0;0;0;0;0;0;0;0;0;0;0;0;0;0;0;0;0;0;0;0;0;0;0;0;0;0;0;0;0;0;0;0;0;0;0;0;0;0;0;0;0;0;0;0;0;0;0;0;0;0;0;0;0;0;0
org.apache.commons.fileupload.util.mime.Base64DecoderTestCase#nonBase64Bytes;0;0;0;0;0;0;0;0;0;0;0;0;0;0;0;0;0;0;0;0;0;0;0;0;0;0;0;0;0;0;0;0;0;0;0;0;0;0;0;0;0;0;0;0;0;0;0;0;0;0;0;0;0;0;0;0;0;0;0;0;0;0;0;0;0;0;0;0;0;0;0;0;0;0;0;0;0;0;0;0;0;0;0;0;0;0;0;0;0;0;0;0;0;0;0;0;0;0;0;0;0;0;0;0;0;0;0;0;0;0;0;0;0;0;0;0;0;0;0;0;0;0;0;0;0;0;0;0;0;0;0;0;0;0;0;0;0;0;0;0;0;0;0;0;0;0;0;0;0;0;0;0;0;0;0;0;0;0;0;0;0;0;0;0;0;0;0;0;0;0;0;0;0;0;0;0;0;0;0;0;0;0;0;0;0;0;0;0;0;0;0;0;0;0;0;0;0;0;0;0;0;0;0;0;0;0;0;0;0;0;0;0;0;0;0;0;0;0;0;0;0;0;0;0;0;0;0;0;0;0;0;0;0;0;0;0;0;0;0;0;0;0;0;0;0;0;0;1;0;0;0;0;0;0;0;0;0;0;0;0;0;0;0;0;0;0;0;0;0;0;0;0;0;0;0;0;0;0;0;0;0;0;0;0;0;0;0;0;0;0;0;0;0;0;0;0;0;0;0;0;0;0;0;0;0;0;0;0;0;0;0;0;0;0
org.apache.commons.fileupload.util.mime.Base64DecoderTestCase#badPaddingLeading1;0;0;0;0;0;0;0;0;0;0;0;0;0;0;0;0;0;0;0;0;0;0;0;0;0;0;0;0;0;0;0;0;0;0;0;0;0;0;0;0;0;0;0;0;0;0;0;0;0;0;0;0;0;0;0;0;0;0;0;0;0;0;0;0;0;0;0;0;0;0;0;0;0;0;0;0;0;0;0;0;0;0;0;0;0;0;0;0;0;0;0;0;0;0;0;0;0;0;0;0;0;0;0;0;0;0;0;0;0;0;0;0;0;0;0;0;0;0;0;0;0;0;0;0;0;0;0;0;0;0;0;0;0;0;0;0;0;0;0;0;0;0;0;0;0;0;0;0;0;0;0;0;0;0;0;0;0;0;0;0;0;0;0;0;0;0;0;0;0;0;0;0;0;0;0;0;0;0;0;0;0;0;0;0;0;0;0;0;0;0;0;0;0;0;0;0;0;0;0;0;0;0;0;0;0;0;0;0;0;0;0;0;0;0;0;0;0;0;0;0;0;0;0;0;0;0;0;0;0;0;0;0;0;0;0;0;0;0;0;0;0;0;0;0;0;0;0;1;0;0;0;0;0;0;0;0;0;0;0;0;0;0;0;0;0;0;0;0;0;0;0;0;0;0;0;0;0;0;0;0;0;0;0;0;0;0;0;0;0;0;0;0;0;0;0;0;0;0;0;0;0;0;0;0;0;0;0;0;0;0;0;0;0;0
org.apache.commons.fileupload.util.mime.Base64DecoderTestCase#badPaddingLeading2;0;0;0;0;0;0;0;0;0;0;0;0;0;0;0;0;0;0;0;0;0;0;0;0;0;0;0;0;0;0;0;0;0;0;0;0;0;0;0;0;0;0;0;0;0;0;0;0;0;0;0;0;0;0;0;0;0;0;0;0;0;0;0;0;0;0;0;0;0;0;0;0;0;0;0;0;0;0;0;0;0;0;0;0;0;0;0;0;0;0;0;0;0;0;0;0;0;0;0;0;0;0;0;0;0;0;0;0;0;0;0;0;0;0;0;0;0;0;0;0;0;0;0;0;0;0;0;0;0;0;0;0;0;0;0;0;0;0;0;0;0;0;0;0;0;0;0;0;0;0;0;0;0;0;0;0;0;0;0;0;0;0;0;0;0;0;0;0;0;0;0;0;0;0;0;0;0;0;0;0;0;0;0;0;0;0;0;0;0;0;0;0;0;0;0;0;0;0;0;0;0;0;0;0;0;0;0;0;0;0;0;0;0;0;0;0;0;0;0;0;0;0;0;0;0;0;0;0;0;0;0;0;0;0;0;0;0;0;0;0;0;0;0;0;0;0;0;1;0;0;0;0;0;0;0;0;0;0;0;0;0;0;0;0;0;0;0;0;0;0;0;0;0;0;0;0;0;0;0;0;0;0;0;0;0;0;0;0;0;0;0;0;0;0;0;0;0;0;0;0;0;0;0;0;0;0;0;0;0;0;0;0;0;0
org.apache.commons.fileupload.util.mime.Base64DecoderTestCase#decodeWithInnerPad;0;0;0;0;0;0;0;0;0;0;0;0;0;0;0;0;0;0;0;0;0;0;0;0;0;0;0;0;0;0;0;0;0;0;0;0;0;0;0;0;0;0;0;0;0;0;0;0;0;0;0;0;0;0;0;0;0;0;0;0;0;0;0;0;0;0;0;0;0;0;0;0;0;0;0;0;0;0;0;0;0;0;0;0;0;0;0;0;0;0;0;0;0;0;0;0;0;0;0;0;0;0;0;0;0;0;0;0;0;0;0;0;0;0;0;0;0;0;0;0;0;0;0;0;0;0;0;0;0;0;0;0;0;0;0;0;0;0;0;0;0;0;0;0;0;0;0;0;0;0;0;0;0;0;0;0;0;0;0;0;0;0;0;0;0;0;0;0;0;0;0;0;0;0;0;0;0;0;0;0;0;0;0;0;0;0;0;0;0;0;0;0;0;0;0;0;0;0;0;0;0;0;0;0;0;0;0;0;0;0;0;0;0;0;0;0;0;0;0;0;0;0;0;0;0;0;0;0;0;0;0;0;0;0;0;0;0;0;0;0;0;0;0;0;0;0;0;1;0;0;0;0;0;0;0;0;0;0;0;0;0;0;0;0;0;0;0;0;0;0;0;0;0;0;0;0;0;0;0;0;0;0;0;0;0;0;0;0;0;0;0;0;0;0;0;0;0;0;0;0;0;0;0;0;0;0;0;0;0;0;0;0;0;0
org.apache.commons.fileupload.util.mime.Base64DecoderTestCase#decodeTrailing1;0;0;0;0;0;0;0;0;0;0;0;0;0;0;0;0;0;0;0;0;0;0;0;0;0;0;0;0;0;0;0;0;0;0;0;0;0;0;0;0;0;0;0;0;0;0;0;0;0;0;0;0;0;0;0;0;0;0;0;0;0;0;0;0;0;0;0;0;0;0;0;0;0;0;0;0;0;0;0;0;0;0;0;0;0;0;0;0;0;0;0;0;0;0;0;0;0;0;0;0;0;0;0;0;0;0;0;0;0;0;0;0;0;0;0;0;0;0;0;0;0;0;0;0;0;0;0;0;0;0;0;0;0;0;0;0;0;0;0;0;0;0;0;0;0;0;0;0;0;0;0;0;0;0;0;0;0;0;0;0;0;0;0;0;0;0;0;0;0;0;0;0;0;0;0;0;0;0;0;0;0;0;0;0;0;0;0;0;0;0;0;0;0;0;0;0;0;0;0;0;0;0;0;0;0;0;0;0;0;0;0;0;0;0;0;0;0;0;0;0;0;0;0;0;0;0;0;0;0;0;0;0;0;0;0;0;0;0;0;0;0;0;0;0;0;0;0;1;0;0;0;0;0;0;0;0;0;0;0;0;0;0;0;0;0;0;0;0;0;0;0;0;0;0;0;0;0;0;0;0;0;0;0;0;0;0;0;0;0;0;0;0;0;0;0;0;0;0;0;0;0;0;0;0;0;0;0;0;0;0;0;0;0;0
org.apache.commons.fileupload.util.mime.Base64DecoderTestCase#decodeTrailing2;0;0;0;0;0;0;0;0;0;0;0;0;0;0;0;0;0;0;0;0;0;0;0;0;0;0;0;0;0;0;0;0;0;0;0;0;0;0;0;0;0;0;0;0;0;0;0;0;0;0;0;0;0;0;0;0;0;0;0;0;0;0;0;0;0;0;0;0;0;0;0;0;0;0;0;0;0;0;0;0;0;0;0;0;0;0;0;0;0;0;0;0;0;0;0;0;0;0;0;0;0;0;0;0;0;0;0;0;0;0;0;0;0;0;0;0;0;0;0;0;0;0;0;0;0;0;0;0;0;0;0;0;0;0;0;0;0;0;0;0;0;0;0;0;0;0;0;0;0;0;0;0;0;0;0;0;0;0;0;0;0;0;0;0;0;0;0;0;0;0;0;0;0;0;0;0;0;0;0;0;0;0;0;0;0;0;0;0;0;0;0;0;0;0;0;0;0;0;0;0;0;0;0;0;0;0;0;0;0;0;0;0;0;0;0;0;0;0;0;0;0;0;0;0;0;0;0;0;0;0;0;0;0;0;0;0;0;0;0;0;0;0;0;0;0;0;0;1;0;0;0;0;0;0;0;0;0;0;0;0;0;0;0;0;0;0;0;0;0;0;0;0;0;0;0;0;0;0;0;0;0;0;0;0;0;0;0;0;0;0;0;0;0;0;0;0;0;0;0;0;0;0;0;0;0;0;0;0;0;0;0;0;0;0
org.apache.commons.fileupload.util.mime.Base64DecoderTestCase#decodeTrailing3;0;0;0;0;0;0;0;0;0;0;0;0;0;0;0;0;0;0;0;0;0;0;0;0;0;0;0;0;0;0;0;0;0;0;0;0;0;0;0;0;0;0;0;0;0;0;0;0;0;0;0;0;0;0;0;0;0;0;0;0;0;0;0;0;0;0;0;0;0;0;0;0;0;0;0;0;0;0;0;0;0;0;0;0;0;0;0;0;0;0;0;0;0;0;0;0;0;0;0;0;0;0;0;0;0;0;0;0;0;0;0;0;0;0;0;0;0;0;0;0;0;0;0;0;0;0;0;0;0;0;0;0;0;0;0;0;0;0;0;0;0;0;0;0;0;0;0;0;0;0;0;0;0;0;0;0;0;0;0;0;0;0;0;0;0;0;0;0;0;0;0;0;0;0;0;0;0;0;0;0;0;0;0;0;0;0;0;0;0;0;0;0;0;0;0;0;0;0;0;0;0;0;0;0;0;0;0;0;0;0;0;0;0;0;0;0;0;0;0;0;0;0;0;0;0;0;0;0;0;0;0;0;0;0;0;0;0;0;0;0;0;0;0;0;0;0;0;1;0;0;0;0;0;0;0;0;0;0;0;0;0;0;0;0;0;0;0;0;0;0;0;0;0;0;0;0;0;0;0;0;0;0;0;0;0;0;0;0;0;0;0;0;0;0;0;0;0;0;0;0;0;0;0;0;0;0;0;0;0;0;0;0;0;0
org.apache.commons.fileupload.util.mime.Base64DecoderTestCase#truncatedString;0;0;0;0;0;0;0;0;0;0;0;0;0;0;0;0;0;0;0;0;0;0;0;0;0;0;0;0;0;0;0;0;0;0;0;0;0;0;0;0;0;0;0;0;0;0;0;0;0;0;0;0;0;0;0;0;0;0;0;0;0;0;0;0;0;0;0;0;0;0;0;0;0;0;0;0;0;0;0;0;0;0;0;0;0;0;0;0;0;0;0;0;0;0;0;0;0;0;0;0;0;0;0;0;0;0;0;0;0;0;0;0;0;0;0;0;0;0;0;0;0;0;0;0;0;0;0;0;0;0;0;0;0;0;0;0;0;0;0;0;0;0;0;0;0;0;0;0;0;0;0;0;0;0;0;0;0;0;0;0;0;0;0;0;0;0;0;0;0;0;0;0;0;0;0;0;0;0;0;0;0;0;0;0;0;0;0;0;0;0;0;0;0;0;0;0;0;0;0;0;0;0;0;0;0;0;0;0;0;0;0;0;0;0;0;0;0;0;0;0;0;0;0;0;0;0;0;0;0;0;0;0;0;0;0;0;0;0;0;0;0;0;0;0;0;0;0;1;0;0;0;0;0;0;0;0;0;0;0;0;0;0;0;0;0;0;0;0;0;0;0;0;0;0;0;0;0;0;0;0;0;0;0;0;0;0;0;0;0;0;0;0;0;0;0;0;0;0;0;0;0;0;0;0;0;0;0;0;0;0;0;0;0;0
org.apache.commons.fileupload.util.mime.Base64DecoderTestCase#nonASCIIcharacter;0;0;0;0;0;0;0;0;0;0;0;0;0;0;0;0;0;0;0;0;0;0;0;0;0;0;0;0;0;0;0;0;0;0;0;0;0;0;0;0;0;0;0;0;0;0;0;0;0;0;0;0;0;0;0;0;0;0;0;0;0;0;0;0;0;0;0;0;0;0;0;0;0;0;0;0;0;0;0;0;0;0;0;0;0;0;0;0;0;0;0;0;0;0;0;0;0;0;0;0;0;0;0;0;0;0;0;0;0;0;0;0;0;0;0;0;0;0;0;0;0;0;0;0;0;0;0;0;0;0;0;0;0;0;0;0;0;0;0;0;0;0;0;0;0;0;0;0;0;0;0;0;0;0;0;0;0;0;0;0;0;0;0;0;0;0;0;0;0;0;0;0;0;0;0;0;0;0;0;0;0;0;0;0;0;0;0;0;0;0;0;0;0;0;0;0;0;0;0;0;0;0;0;0;0;0;0;0;0;0;0;0;0;0;0;0;0;0;0;0;0;0;0;0;0;0;0;0;0;0;0;0;0;0;0;0;0;0;0;0;0;0;0;0;0;0;0;1;0;0;0;0;0;0;0;0;0;0;0;0;0;0;0;0;0;0;0;0;0;0;0;0;0;0;0;0;0;0;0;0;0;0;0;0;0;0;0;0;0;0;0;0;0;0;0;0;0;0;0;0;0;0;0;0;0;0;0;0;0;0;0;0;0;0
org.apache.commons.fileupload.util.mime.Base64DecoderTestCase#badLength;0;0;0;0;0;0;0;0;0;0;0;0;0;0;0;0;0;0;0;0;0;0;0;0;0;0;0;0;0;0;0;0;0;0;0;0;0;0;0;0;0;0;0;0;0;0;0;0;0;0;0;0;0;0;0;0;0;0;0;0;0;0;0;0;0;0;0;0;0;0;0;0;0;0;0;0;0;0;0;0;0;0;0;0;0;0;0;0;0;0;0;0;0;0;0;0;0;0;0;0;0;0;0;0;0;0;0;0;0;0;0;0;0;0;0;0;0;0;0;0;0;0;0;0;0;0;0;0;0;0;0;0;0;0;0;0;0;0;0;0;0;0;0;0;0;0;0;0;0;0;0;0;0;0;0;0;0;0;0;0;0;0;0;0;0;0;0;0;0;0;0;0;0;0;0;0;0;0;0;0;0;0;0;0;0;0;0;0;0;0;0;0;0;0;0;0;0;0;0;0;0;0;0;0;0;0;0;0;0;0;0;0;0;0;0;0;0;0;0;0;0;0;0;0;0;0;0;0;0;0;0;0;0;0;0;0;0;0;0;0;0;0;0;0;0;0;0;1;0;0;0;0;0;0;0;0;0;0;0;0;0;0;0;0;0;0;0;0;0;0;0;0;0;0;0;0;0;0;0;0;0;0;0;0;0;0;0;0;0;0;0;0;0;0;0;0;0;0;0;0;0;0;0;0;0;0;0;0;0;0;0;0;0;0
org.apache.commons.fileupload.util.mime.Base64DecoderTestCase#rfc4648Section10Decode;0;0;0;0;0;0;0;0;0;0;0;0;0;0;0;0;0;0;0;0;0;0;0;0;0;0;0;0;0;0;0;0;0;0;0;0;0;0;0;0;0;0;0;0;0;0;0;0;0;0;0;0;0;0;0;0;0;0;0;0;0;0;0;0;0;0;0;0;0;0;0;0;0;0;0;0;0;0;0;0;0;0;0;0;0;0;0;0;0;0;0;0;0;0;0;0;0;0;0;0;0;0;0;0;0;0;0;0;0;0;0;0;0;0;0;0;0;0;0;0;0;0;0;0;0;0;0;0;0;0;0;0;0;0;0;0;0;0;0;0;0;0;0;0;0;0;0;0;0;0;0;0;0;0;0;0;0;0;0;0;0;0;0;0;0;0;0;0;0;0;0;0;0;0;0;0;0;0;0;0;0;0;0;0;0;0;0;0;0;0;0;0;0;0;0;0;0;0;0;0;0;0;0;0;0;0;0;0;0;0;0;0;0;0;0;0;0;0;0;0;0;0;0;0;0;0;0;0;0;0;0;0;0;0;0;0;0;0;0;0;0;0;0;0;0;0;0;1;0;0;0;0;0;0;0;0;0;0;0;0;0;0;0;0;0;0;0;0;0;0;0;0;0;0;0;0;0;0;0;0;0;0;0;0;0;0;0;0;0;0;0;0;0;0;0;0;0;0;0;0;0;0;0;0;0;0;0;0;0;0;0;0;0;0
org.apache.commons.fileupload.util.mime.Base64DecoderTestCase#badPadding;0;0;0;0;0;0;0;0;0;0;0;0;0;0;0;0;0;0;0;0;0;0;0;0;0;0;0;0;0;0;0;0;0;0;0;0;0;0;0;0;0;0;0;0;0;0;0;0;0;0;0;0;0;0;0;0;0;0;0;0;0;0;0;0;0;0;0;0;0;0;0;0;0;0;0;0;0;0;0;0;0;0;0;0;0;0;0;0;0;0;0;0;0;0;0;0;0;0;0;0;0;0;0;0;0;0;0;0;0;0;0;0;0;0;0;0;0;0;0;0;0;0;0;0;0;0;0;0;0;0;0;0;0;0;0;0;0;0;0;0;0;0;0;0;0;0;0;0;0;0;0;0;0;0;0;0;0;0;0;0;0;0;0;0;0;0;0;0;0;0;0;0;0;0;0;0;0;0;0;0;0;0;0;0;0;0;0;0;0;0;0;0;0;0;0;0;0;0;0;0;0;0;0;0;0;0;0;0;0;0;0;0;0;0;0;0;0;0;0;0;0;0;0;0;0;0;0;0;0;0;0;0;0;0;0;0;0;0;0;0;0;0;0;0;0;0;0;1;0;0;0;0;0;0;0;0;0;0;0;0;0;0;0;0;0;0;0;0;0;0;0;0;0;0;0;0;0;0;0;0;0;0;0;0;0;0;0;0;0;0;0;0;0;0;0;0;0;0;0;0;0;0;0;0;0;0;0;0;0;0;0;0;0;0
org.apache.commons.fileupload.util.mime.MimeUtilityTestCase#decodeUtf8Base64Encoded;0;0;0;0;0;0;0;0;0;0;0;0;0;0;0;0;0;0;0;0;0;0;0;0;0;0;0;0;0;0;0;0;0;0;0;0;0;0;0;0;0;0;0;0;0;0;0;0;0;0;0;0;0;0;0;0;0;0;0;0;0;0;0;0;0;0;0;0;0;0;0;0;0;0;0;0;0;0;0;0;0;0;0;0;0;0;0;0;0;0;0;0;0;0;0;0;0;0;0;0;0;0;0;0;0;0;0;0;0;0;0;0;0;0;0;0;0;0;0;0;0;0;0;0;0;0;0;0;0;0;0;0;0;0;0;0;0;0;0;0;0;0;0;0;0;0;0;0;0;0;0;0;0;0;0;0;0;0;0;0;0;0;0;0;0;0;0;0;0;0;0;0;0;0;0;0;0;0;0;0;0;0;0;0;0;0;0;0;0;0;0;0;0;0;0;0;0;0;0;0;0;0;0;0;0;0;0;0;0;0;0;0;0;0;0;0;0;0;0;0;0;0;0;0;0;0;0;0;0;0;0;0;0;0;0;0;0;0;0;0;0;0;1;1;1;0;0;1;0;0;0;0;0;0;0;0;0;0;0;0;0;0;0;0;0;0;0;0;0;0;0;0;0;0;0;0;0;0;0;0;0;0;0;0;0;0;0;0;0;0;0;0;0;0;0;0;0;0;0;0;0;0;0;0;0;0;0;0;0;0;0;0;0;0
org.apache.commons.fileupload.util.mime.MimeUtilityTestCase#decodeIso88591Base64EncodedWithWhiteSpace;0;0;0;0;0;0;0;0;0;0;0;0;0;0;0;0;0;0;0;0;0;0;0;0;0;0;0;0;0;0;0;0;0;0;0;0;0;0;0;0;0;0;0;0;0;0;0;0;0;0;0;0;0;0;0;0;0;0;0;0;0;0;0;0;0;0;0;0;0;0;0;0;0;0;0;0;0;0;0;0;0;0;0;0;0;0;0;0;0;0;0;0;0;0;0;0;0;0;0;0;0;0;0;0;0;0;0;0;0;0;0;0;0;0;0;0;0;0;0;0;0;0;0;0;0;0;0;0;0;0;0;0;0;0;0;0;0;0;0;0;0;0;0;0;0;0;0;0;0;0;0;0;0;0;0;0;0;0;0;0;0;0;0;0;0;0;0;0;0;0;0;0;0;0;0;0;0;0;0;0;0;0;0;0;0;0;0;0;0;0;0;0;0;0;0;0;0;0;0;0;0;0;0;0;0;0;0;0;0;0;0;0;0;0;0;0;0;0;0;0;0;0;0;0;0;0;0;0;0;0;0;0;0;0;0;0;0;0;0;0;0;0;1;1;1;0;0;1;0;0;0;0;0;0;0;0;0;0;0;0;0;0;0;0;0;0;0;0;0;0;0;0;0;0;0;0;0;0;0;0;0;0;0;0;0;0;0;0;0;0;0;0;0;0;0;0;0;0;0;0;0;0;0;0;0;0;0;0;0;0;0;0;0;0
org.apache.commons.fileupload.util.mime.MimeUtilityTestCase#decodeIso88591Base64Encoded;0;0;0;0;0;0;0;0;0;0;0;0;0;0;0;0;0;0;0;0;0;0;0;0;0;0;0;0;0;0;0;0;0;0;0;0;0;0;0;0;0;0;0;0;0;0;0;0;0;0;0;0;0;0;0;0;0;0;0;0;0;0;0;0;0;0;0;0;0;0;0;0;0;0;0;0;0;0;0;0;0;0;0;0;0;0;0;0;0;0;0;0;0;0;0;0;0;0;0;0;0;0;0;0;0;0;0;0;0;0;0;0;0;0;0;0;0;0;0;0;0;0;0;0;0;0;0;0;0;0;0;0;0;0;0;0;0;0;0;0;0;0;0;0;0;0;0;0;0;0;0;0;0;0;0;0;0;0;0;0;0;0;0;0;0;0;0;0;0;0;0;0;0;0;0;0;0;0;0;0;0;0;0;0;0;0;0;0;0;0;0;0;0;0;0;0;0;0;0;0;0;0;0;0;0;0;0;0;0;0;0;0;0;0;0;0;0;0;0;0;0;0;0;0;0;0;0;0;0;0;0;0;0;0;0;0;0;0;0;0;0;0;1;1;1;0;0;1;0;0;0;0;0;0;0;0;0;0;0;0;0;0;0;0;0;0;0;0;0;0;0;0;0;0;0;0;0;0;0;0;0;0;0;0;0;0;0;0;0;0;0;0;0;0;0;0;0;0;0;0;0;0;0;0;0;0;0;0;0;0;0;0;0;0
org.apache.commons.fileupload.util.mime.MimeUtilityTestCase#decodeUtf8QuotedPrintableEncoded;0;0;0;0;0;0;0;0;0;0;0;0;0;0;0;0;0;0;0;0;0;0;0;0;0;0;0;0;0;0;0;0;0;0;0;0;0;0;0;0;0;0;0;0;0;0;0;0;0;0;0;0;0;0;0;0;0;0;0;0;0;0;0;0;0;0;0;0;0;0;0;0;0;0;0;0;0;0;0;0;0;0;0;0;0;0;0;0;0;0;0;0;0;0;0;0;0;0;0;0;0;0;0;0;0;0;0;0;0;0;0;0;0;0;0;0;0;0;0;0;0;0;0;0;0;0;0;0;0;0;0;0;0;0;0;0;0;0;0;0;0;0;0;0;0;0;0;0;0;0;0;0;0;0;0;0;0;0;0;0;0;0;0;0;0;0;0;0;0;0;0;0;0;0;0;0;0;0;0;0;0;0;0;0;0;0;0;0;0;0;0;0;0;0;0;0;0;0;0;0;0;0;0;0;0;0;0;0;0;0;0;0;0;0;0;0;0;0;0;0;0;0;0;0;0;0;0;0;0;0;0;0;0;0;0;0;0;0;0;0;0;0;1;1;1;0;0;0;0;0;0;0;0;0;0;0;0;0;0;0;0;0;0;0;0;0;0;0;0;0;0;0;0;0;0;0;0;0;0;0;0;0;0;0;0;0;0;0;0;0;0;0;0;0;0;0;0;0;0;0;0;0;0;0;0;0;0;0;0;0;0;0;1;1
org.apache.commons.fileupload.util.mime.MimeUtilityTestCase#noNeedToDecode;0;0;0;0;0;0;0;0;0;0;0;0;0;0;0;0;0;0;0;0;0;0;0;0;0;0;0;0;0;0;0;0;0;0;0;0;0;0;0;0;0;0;0;0;0;0;0;0;0;0;0;0;0;0;0;0;0;0;0;0;0;0;0;0;0;0;0;0;0;0;0;0;0;0;0;0;0;0;0;0;0;0;0;0;0;0;0;0;0;0;0;0;0;0;0;0;0;0;0;0;0;0;0;0;0;0;0;0;0;0;0;0;0;0;0;0;0;0;0;0;0;0;0;0;0;0;0;0;0;0;0;0;0;0;0;0;0;0;0;0;0;0;0;0;0;0;0;0;0;0;0;0;0;0;0;0;0;0;0;0;0;0;0;0;0;0;0;0;0;0;0;0;0;0;0;0;0;0;0;0;0;0;0;0;0;0;0;0;0;0;0;0;0;0;0;0;0;0;0;0;0;0;0;0;0;0;0;0;0;0;0;0;0;0;0;0;0;0;0;0;0;0;0;0;0;0;0;0;0;0;0;0;0;0;0;0;0;0;0;0;0;0;1;0;0;0;0;0;0;0;0;0;0;0;0;0;0;0;0;0;0;0;0;0;0;0;0;0;0;0;0;0;0;0;0;0;0;0;0;0;0;0;0;0;0;0;0;0;0;0;0;0;0;0;0;0;0;0;0;0;0;0;0;0;0;0;0;0;0;0;0;0;0;0
org.apache.commons.fileupload.util.mime.MimeUtilityTestCase#decodeInvalidEncoding;0;0;0;0;0;0;0;0;0;0;0;0;0;0;0;0;0;0;0;0;0;0;0;0;0;0;0;0;0;0;0;0;0;0;0;0;0;0;0;0;0;0;0;0;0;0;0;0;0;0;0;0;0;0;0;0;0;0;0;0;0;0;0;0;0;0;0;0;0;0;0;0;0;0;0;0;0;0;0;0;0;0;0;0;0;0;0;0;0;0;0;0;0;0;0;0;0;0;0;0;0;0;0;0;0;0;0;0;0;0;0;0;0;0;0;0;0;0;0;0;0;0;0;0;0;0;0;0;0;0;0;0;0;0;0;0;0;0;0;0;0;0;0;0;0;0;0;0;0;0;0;0;0;0;0;0;0;0;0;0;0;0;0;0;0;0;0;0;0;0;0;0;0;0;0;0;0;0;0;0;0;0;0;0;0;0;0;0;0;0;0;0;0;0;0;0;0;0;0;0;0;0;0;0;0;0;0;0;0;0;0;0;0;0;0;0;0;0;0;0;0;0;0;0;0;0;0;0;0;0;0;0;0;0;0;0;0;0;0;0;0;0;1;1;0;0;0;1;0;0;0;0;0;0;0;0;0;0;0;0;0;0;0;0;0;0;0;0;0;0;0;0;0;0;0;0;0;0;0;0;0;0;0;0;0;0;0;0;0;0;0;0;0;0;0;0;0;0;0;0;0;0;0;0;0;0;0;0;0;0;0;0;0;0
org.apache.commons.fileupload.util.mime.QuotedPrintableDecoderTestCase#invalidCharDecode;0;0;0;0;0;0;0;0;0;0;0;0;0;0;0;0;0;0;0;0;0;0;0;0;0;0;0;0;0;0;0;0;0;0;0;0;0;0;0;0;0;0;0;0;0;0;0;0;0;0;0;0;0;0;0;0;0;0;0;0;0;0;0;0;0;0;0;0;0;0;0;0;0;0;0;0;0;0;0;0;0;0;0;0;0;0;0;0;0;0;0;0;0;0;0;0;0;0;0;0;0;0;0;0;0;0;0;0;0;0;0;0;0;0;0;0;0;0;0;0;0;0;0;0;0;0;0;0;0;0;0;0;0;0;0;0;0;0;0;0;0;0;0;0;0;0;0;0;0;0;0;0;0;0;0;0;0;0;0;0;0;0;0;0;0;0;0;0;0;0;0;0;0;0;0;0;0;0;0;0;0;0;0;0;0;0;0;0;0;0;0;0;0;0;0;0;0;0;0;0;0;0;0;0;0;0;0;0;0;0;0;0;0;0;0;0;0;0;0;0;0;0;0;0;0;0;0;0;0;0;0;0;0;0;0;0;0;0;0;0;0;0;0;0;0;0;0;0;0;0;0;0;0;0;0;0;0;0;0;0;0;0;0;0;0;0;0;0;0;0;0;0;0;0;0;0;0;0;0;0;0;0;0;0;0;0;0;0;0;0;0;0;0;0;0;0;0;0;0;0;0;0;0;0;0;0;0;0;0;0;0;0;1;1
org.apache.commons.fileupload.util.mime.QuotedPrintableDecoderTestCase#unsafeDecodeLowerCase;0;0;0;0;0;0;0;0;0;0;0;0;0;0;0;0;0;0;0;0;0;0;0;0;0;0;0;0;0;0;0;0;0;0;0;0;0;0;0;0;0;0;0;0;0;0;0;0;0;0;0;0;0;0;0;0;0;0;0;0;0;0;0;0;0;0;0;0;0;0;0;0;0;0;0;0;0;0;0;0;0;0;0;0;0;0;0;0;0;0;0;0;0;0;0;0;0;0;0;0;0;0;0;0;0;0;0;0;0;0;0;0;0;0;0;0;0;0;0;0;0;0;0;0;0;0;0;0;0;0;0;0;0;0;0;0;0;0;0;0;0;0;0;0;0;0;0;0;0;0;0;0;0;0;0;0;0;0;0;0;0;0;0;0;0;0;0;0;0;0;0;0;0;0;0;0;0;0;0;0;0;0;0;0;0;0;0;0;0;0;0;0;0;0;0;0;0;0;0;0;0;0;0;0;0;0;0;0;0;0;0;0;0;0;0;0;0;0;0;0;0;0;0;0;0;0;0;0;0;0;0;0;0;0;0;0;0;0;0;0;0;0;0;0;0;0;0;0;0;0;0;0;0;0;0;0;0;0;0;0;0;0;0;0;0;0;0;0;0;0;0;0;0;0;0;0;0;0;0;0;0;0;0;0;0;0;0;0;0;0;0;0;0;0;0;0;0;0;0;0;0;0;0;0;0;0;0;0;0;0;0;0;1;1
org.apache.commons.fileupload.util.mime.QuotedPrintableDecoderTestCase#invalidQuotedPrintableEncoding;0;0;0;0;0;0;0;0;0;0;0;0;0;0;0;0;0;0;0;0;0;0;0;0;0;0;0;0;0;0;0;0;0;0;0;0;0;0;0;0;0;0;0;0;0;0;0;0;0;0;0;0;0;0;0;0;0;0;0;0;0;0;0;0;0;0;0;0;0;0;0;0;0;0;0;0;0;0;0;0;0;0;0;0;0;0;0;0;0;0;0;0;0;0;0;0;0;0;0;0;0;0;0;0;0;0;0;0;0;0;0;0;0;0;0;0;0;0;0;0;0;0;0;0;0;0;0;0;0;0;0;0;0;0;0;0;0;0;0;0;0;0;0;0;0;0;0;0;0;0;0;0;0;0;0;0;0;0;0;0;0;0;0;0;0;0;0;0;0;0;0;0;0;0;0;0;0;0;0;0;0;0;0;0;0;0;0;0;0;0;0;0;0;0;0;0;0;0;0;0;0;0;0;0;0;0;0;0;0;0;0;0;0;0;0;0;0;0;0;0;0;0;0;0;0;0;0;0;0;0;0;0;0;0;0;0;0;0;0;0;0;0;0;0;0;0;0;0;0;0;0;0;0;0;0;0;0;0;0;0;0;0;0;0;0;0;0;0;0;0;0;0;0;0;0;0;0;0;0;0;0;0;0;0;0;0;0;0;0;0;0;0;0;0;0;0;0;0;0;0;0;0;0;0;0;0;0;0;0;0;0;0;1;0
org.apache.commons.fileupload.util.mime.QuotedPrintableDecoderTestCase#truncatedEscape;0;0;0;0;0;0;0;0;0;0;0;0;0;0;0;0;0;0;0;0;0;0;0;0;0;0;0;0;0;0;0;0;0;0;0;0;0;0;0;0;0;0;0;0;0;0;0;0;0;0;0;0;0;0;0;0;0;0;0;0;0;0;0;0;0;0;0;0;0;0;0;0;0;0;0;0;0;0;0;0;0;0;0;0;0;0;0;0;0;0;0;0;0;0;0;0;0;0;0;0;0;0;0;0;0;0;0;0;0;0;0;0;0;0;0;0;0;0;0;0;0;0;0;0;0;0;0;0;0;0;0;0;0;0;0;0;0;0;0;0;0;0;0;0;0;0;0;0;0;0;0;0;0;0;0;0;0;0;0;0;0;0;0;0;0;0;0;0;0;0;0;0;0;0;0;0;0;0;0;0;0;0;0;0;0;0;0;0;0;0;0;0;0;0;0;0;0;0;0;0;0;0;0;0;0;0;0;0;0;0;0;0;0;0;0;0;0;0;0;0;0;0;0;0;0;0;0;0;0;0;0;0;0;0;0;0;0;0;0;0;0;0;0;0;0;0;0;0;0;0;0;0;0;0;0;0;0;0;0;0;0;0;0;0;0;0;0;0;0;0;0;0;0;0;0;0;0;0;0;0;0;0;0;0;0;0;0;0;0;0;0;0;0;0;0;0;0;0;0;0;0;0;0;0;0;0;0;0;0;0;0;0;1;0
org.apache.commons.fileupload.util.mime.QuotedPrintableDecoderTestCase#unsafeDecode;0;0;0;0;0;0;0;0;0;0;0;0;0;0;0;0;0;0;0;0;0;0;0;0;0;0;0;0;0;0;0;0;0;0;0;0;0;0;0;0;0;0;0;0;0;0;0;0;0;0;0;0;0;0;0;0;0;0;0;0;0;0;0;0;0;0;0;0;0;0;0;0;0;0;0;0;0;0;0;0;0;0;0;0;0;0;0;0;0;0;0;0;0;0;0;0;0;0;0;0;0;0;0;0;0;0;0;0;0;0;0;0;0;0;0;0;0;0;0;0;0;0;0;0;0;0;0;0;0;0;0;0;0;0;0;0;0;0;0;0;0;0;0;0;0;0;0;0;0;0;0;0;0;0;0;0;0;0;0;0;0;0;0;0;0;0;0;0;0;0;0;0;0;0;0;0;0;0;0;0;0;0;0;0;0;0;0;0;0;0;0;0;0;0;0;0;0;0;0;0;0;0;0;0;0;0;0;0;0;0;0;0;0;0;0;0;0;0;0;0;0;0;0;0;0;0;0;0;0;0;0;0;0;0;0;0;0;0;0;0;0;0;0;0;0;0;0;0;0;0;0;0;0;0;0;0;0;0;0;0;0;0;0;0;0;0;0;0;0;0;0;0;0;0;0;0;0;0;0;0;0;0;0;0;0;0;0;0;0;0;0;0;0;0;0;0;0;0;0;0;0;0;0;0;0;0;0;0;0;0;0;0;1;1
org.apache.commons.fileupload.util.mime.QuotedPrintableDecoderTestCase#emptyDecode;0;0;0;0;0;0;0;0;0;0;0;0;0;0;0;0;0;0;0;0;0;0;0;0;0;0;0;0;0;0;0;0;0;0;0;0;0;0;0;0;0;0;0;0;0;0;0;0;0;0;0;0;0;0;0;0;0;0;0;0;0;0;0;0;0;0;0;0;0;0;0;0;0;0;0;0;0;0;0;0;0;0;0;0;0;0;0;0;0;0;0;0;0;0;0;0;0;0;0;0;0;0;0;0;0;0;0;0;0;0;0;0;0;0;0;0;0;0;0;0;0;0;0;0;0;0;0;0;0;0;0;0;0;0;0;0;0;0;0;0;0;0;0;0;0;0;0;0;0;0;0;0;0;0;0;0;0;0;0;0;0;0;0;0;0;0;0;0;0;0;0;0;0;0;0;0;0;0;0;0;0;0;0;0;0;0;0;0;0;0;0;0;0;0;0;0;0;0;0;0;0;0;0;0;0;0;0;0;0;0;0;0;0;0;0;0;0;0;0;0;0;0;0;0;0;0;0;0;0;0;0;0;0;0;0;0;0;0;0;0;0;0;0;0;0;0;0;0;0;0;0;0;0;0;0;0;0;0;0;0;0;0;0;0;0;0;0;0;0;0;0;0;0;0;0;0;0;0;0;0;0;0;0;0;0;0;0;0;0;0;0;0;0;0;0;0;0;0;0;0;0;0;0;0;0;0;0;0;0;0;0;0;1;0
org.apache.commons.fileupload.util.mime.QuotedPrintableDecoderTestCase#plainDecode;0;0;0;0;0;0;0;0;0;0;0;0;0;0;0;0;0;0;0;0;0;0;0;0;0;0;0;0;0;0;0;0;0;0;0;0;0;0;0;0;0;0;0;0;0;0;0;0;0;0;0;0;0;0;0;0;0;0;0;0;0;0;0;0;0;0;0;0;0;0;0;0;0;0;0;0;0;0;0;0;0;0;0;0;0;0;0;0;0;0;0;0;0;0;0;0;0;0;0;0;0;0;0;0;0;0;0;0;0;0;0;0;0;0;0;0;0;0;0;0;0;0;0;0;0;0;0;0;0;0;0;0;0;0;0;0;0;0;0;0;0;0;0;0;0;0;0;0;0;0;0;0;0;0;0;0;0;0;0;0;0;0;0;0;0;0;0;0;0;0;0;0;0;0;0;0;0;0;0;0;0;0;0;0;0;0;0;0;0;0;0;0;0;0;0;0;0;0;0;0;0;0;0;0;0;0;0;0;0;0;0;0;0;0;0;0;0;0;0;0;0;0;0;0;0;0;0;0;0;0;0;0;0;0;0;0;0;0;0;0;0;0;0;0;0;0;0;0;0;0;0;0;0;0;0;0;0;0;0;0;0;0;0;0;0;0;0;0;0;0;0;0;0;0;0;0;0;0;0;0;0;0;0;0;0;0;0;0;0;0;0;0;0;0;0;0;0;0;0;0;0;0;0;0;0;0;0;0;0;0;0;0;1;0
org.apache.commons.fileupload.util.mime.QuotedPrintableDecoderTestCase#invalidSoftBreak1;0;0;0;0;0;0;0;0;0;0;0;0;0;0;0;0;0;0;0;0;0;0;0;0;0;0;0;0;0;0;0;0;0;0;0;0;0;0;0;0;0;0;0;0;0;0;0;0;0;0;0;0;0;0;0;0;0;0;0;0;0;0;0;0;0;0;0;0;0;0;0;0;0;0;0;0;0;0;0;0;0;0;0;0;0;0;0;0;0;0;0;0;0;0;0;0;0;0;0;0;0;0;0;0;0;0;0;0;0;0;0;0;0;0;0;0;0;0;0;0;0;0;0;0;0;0;0;0;0;0;0;0;0;0;0;0;0;0;0;0;0;0;0;0;0;0;0;0;0;0;0;0;0;0;0;0;0;0;0;0;0;0;0;0;0;0;0;0;0;0;0;0;0;0;0;0;0;0;0;0;0;0;0;0;0;0;0;0;0;0;0;0;0;0;0;0;0;0;0;0;0;0;0;0;0;0;0;0;0;0;0;0;0;0;0;0;0;0;0;0;0;0;0;0;0;0;0;0;0;0;0;0;0;0;0;0;0;0;0;0;0;0;0;0;0;0;0;0;0;0;0;0;0;0;0;0;0;0;0;0;0;0;0;0;0;0;0;0;0;0;0;0;0;0;0;0;0;0;0;0;0;0;0;0;0;0;0;0;0;0;0;0;0;0;0;0;0;0;0;0;0;0;0;0;0;0;0;0;0;0;0;0;1;0
org.apache.commons.fileupload.util.mime.QuotedPrintableDecoderTestCase#invalidSoftBreak2;0;0;0;0;0;0;0;0;0;0;0;0;0;0;0;0;0;0;0;0;0;0;0;0;0;0;0;0;0;0;0;0;0;0;0;0;0;0;0;0;0;0;0;0;0;0;0;0;0;0;0;0;0;0;0;0;0;0;0;0;0;0;0;0;0;0;0;0;0;0;0;0;0;0;0;0;0;0;0;0;0;0;0;0;0;0;0;0;0;0;0;0;0;0;0;0;0;0;0;0;0;0;0;0;0;0;0;0;0;0;0;0;0;0;0;0;0;0;0;0;0;0;0;0;0;0;0;0;0;0;0;0;0;0;0;0;0;0;0;0;0;0;0;0;0;0;0;0;0;0;0;0;0;0;0;0;0;0;0;0;0;0;0;0;0;0;0;0;0;0;0;0;0;0;0;0;0;0;0;0;0;0;0;0;0;0;0;0;0;0;0;0;0;0;0;0;0;0;0;0;0;0;0;0;0;0;0;0;0;0;0;0;0;0;0;0;0;0;0;0;0;0;0;0;0;0;0;0;0;0;0;0;0;0;0;0;0;0;0;0;0;0;0;0;0;0;0;0;0;0;0;0;0;0;0;0;0;0;0;0;0;0;0;0;0;0;0;0;0;0;0;0;0;0;0;0;0;0;0;0;0;0;0;0;0;0;0;0;0;0;0;0;0;0;0;0;0;0;0;0;0;0;0;0;0;0;0;0;0;0;0;0;1;0
org.apache.commons.fileupload.util.mime.QuotedPrintableDecoderTestCase#basicEncodeDecode;0;0;0;0;0;0;0;0;0;0;0;0;0;0;0;0;0;0;0;0;0;0;0;0;0;0;0;0;0;0;0;0;0;0;0;0;0;0;0;0;0;0;0;0;0;0;0;0;0;0;0;0;0;0;0;0;0;0;0;0;0;0;0;0;0;0;0;0;0;0;0;0;0;0;0;0;0;0;0;0;0;0;0;0;0;0;0;0;0;0;0;0;0;0;0;0;0;0;0;0;0;0;0;0;0;0;0;0;0;0;0;0;0;0;0;0;0;0;0;0;0;0;0;0;0;0;0;0;0;0;0;0;0;0;0;0;0;0;0;0;0;0;0;0;0;0;0;0;0;0;0;0;0;0;0;0;0;0;0;0;0;0;0;0;0;0;0;0;0;0;0;0;0;0;0;0;0;0;0;0;0;0;0;0;0;0;0;0;0;0;0;0;0;0;0;0;0;0;0;0;0;0;0;0;0;0;0;0;0;0;0;0;0;0;0;0;0;0;0;0;0;0;0;0;0;0;0;0;0;0;0;0;0;0;0;0;0;0;0;0;0;0;0;0;0;0;0;0;0;0;0;0;0;0;0;0;0;0;0;0;0;0;0;0;0;0;0;0;0;0;0;0;0;0;0;0;0;0;0;0;0;0;0;0;0;0;0;0;0;0;0;0;0;0;0;0;0;0;0;0;0;0;0;0;0;0;0;0;0;0;0;0;1;1
org.apache.commons.fileupload.util.mime.QuotedPrintableDecoderTestCase#softLineBreakDecode;0;0;0;0;0;0;0;0;0;0;0;0;0;0;0;0;0;0;0;0;0;0;0;0;0;0;0;0;0;0;0;0;0;0;0;0;0;0;0;0;0;0;0;0;0;0;0;0;0;0;0;0;0;0;0;0;0;0;0;0;0;0;0;0;0;0;0;0;0;0;0;0;0;0;0;0;0;0;0;0;0;0;0;0;0;0;0;0;0;0;0;0;0;0;0;0;0;0;0;0;0;0;0;0;0;0;0;0;0;0;0;0;0;0;0;0;0;0;0;0;0;0;0;0;0;0;0;0;0;0;0;0;0;0;0;0;0;0;0;0;0;0;0;0;0;0;0;0;0;0;0;0;0;0;0;0;0;0;0;0;0;0;0;0;0;0;0;0;0;0;0;0;0;0;0;0;0;0;0;0;0;0;0;0;0;0;0;0;0;0;0;0;0;0;0;0;0;0;0;0;0;0;0;0;0;0;0;0;0;0;0;0;0;0;0;0;0;0;0;0;0;0;0;0;0;0;0;0;0;0;0;0;0;0;0;0;0;0;0;0;0;0;0;0;0;0;0;0;0;0;0;0;0;0;0;0;0;0;0;0;0;0;0;0;0;0;0;0;0;0;0;0;0;0;0;0;0;0;0;0;0;0;0;0;0;0;0;0;0;0;0;0;0;0;0;0;0;0;0;0;0;0;0;0;0;0;0;0;0;0;0;0;1;1
